,RunTime,rad,value,ID,coefficients..Intercept.,coefficients.x1,R.squared,std.error..Intercept.,std.error.x1,Date
1,72.54899745,0,174.9439755,11,212.4170385,-0.51730813,0.989196259,0.382765566,0.005461125,10/30/19
2,14.84912025,180,142.1386018,11,133.3368443,0.59527044,0.992037088,0.067116216,0.005387326,10/30/19
3,20.89942568,272,146.843055,11,130.2203776,0.797612137,0.997416656,0.075779343,0.00410045,10/30/19
4,26.9992282,351,152.1277785,11,128.9394966,0.856202007,0.996995719,0.116636549,0.004747739,10/30/19
5,32.09957392,430,156.4444372,11,128.8695421,0.859027389,0.997206096,0.136229071,0.004593115,10/30/19
6,37.24947485,482,161.024683,11,128.2129734,0.881099589,0.99640256,0.186133017,0.005347999,10/30/19
7,42.99943064,541,166.1940872,11,127.9757953,0.88766002,0.996524197,0.214737658,0.005295625,10/30/19
8,51.24936887,609,173.4948076,11,127.0522349,0.90574947,0.996328913,0.271001561,0.00555381,10/30/19
9,58.04953945,726,179.0321957,11,128.1422122,0.878596758,0.996371825,0.297531474,0.005355622,10/30/19
10,72.49952317,0,181.4408599,12,222.0434391,-0.562669302,0.977127042,0.609069331,0.008696126,10/30/19
11,14.84912025,180,158.3822063,12,150.692084,0.522376646,0.985521574,0.07968058,0.006395851,10/30/19
12,19.79963105,272,159.9420501,12,154.7640169,0.25417665,0.926970095,0.125284646,0.007206761,10/30/19
13,25.89961074,351,163.5526188,12,149.7931948,0.522889054,0.967550785,0.227013384,0.009673012,10/30/19
14,31.94891844,430,166.9192917,12,148.1328078,0.590241388,0.986983994,0.202052216,0.006847002,10/30/19
15,37.34955844,482,170.0887328,12,148.4002339,0.580120181,0.976541787,0.317018135,0.009082533,10/30/19
16,43.74955341,541,174.6403929,12,143.683156,0.706185139,0.987598632,0.330137703,0.007993741,10/30/19
17,52.44933171,609,180.2649219,12,137.924376,0.809181579,0.982980416,0.537727824,0.010755609,10/30/19
18,58.04953945,726,183.3192411,12,145.4984723,0.650446241,0.974194463,0.594093752,0.010693798,10/30/19
19,91.67337817,0,184.883339,19,264.410976,-0.866825371,0.989985261,0.785343444,0.00880692,10/30/19
20,28.87316788,180,144.310947,19,124.1086576,0.704235775,0.988982963,0.198504705,0.007508325,10/30/19
21,35.62324174,272,150.9325971,19,114.7367471,1.012820835,0.993490938,0.27477135,0.008281268,10/30/19
22,40.87355676,351,156.6025648,19,110.5417127,1.126610008,0.996593613,0.255663858,0.006653475,10/30/19
23,48.22314577,430,165.039528,19,111.8531206,1.103785987,0.994688522,0.372930462,0.008147718,10/30/19
24,55.07311635,482,172.4157424,19,114.5379667,1.04726679,0.990913287,0.533049201,0.010130477,10/30/19
25,61.37365955,541,178.5297712,19,114.2195209,1.048176683,0.991590769,0.574469781,0.009750645,10/30/19
26,68.7234027,609,186.3698299,19,112.4704606,1.074899973,0.993170476,0.59664709,0.009004059,10/30/19
27,74.07302055,726,192.0416461,19,116.3629338,1.020287639,0.991681605,0.675982565,0.009439375,10/30/19
28,85.87357677,0,186.1341928,20,261.0775195,-0.873368488,0.985374673,0.896518815,0.010748221,10/30/19
29,28.87316788,180,145.881491,20,119.3718183,0.917606254,0.982410841,0.327904259,0.012402787,10/30/19
30,35.42347577,272,152.1731855,20,117.0486737,0.992226482,0.992332538,0.290567124,0.008810387,10/30/19
31,40.57344104,351,155.9538436,20,120.5281838,0.895042004,0.982667799,0.457797224,0.012007535,10/30/19
32,49.32290451,430,168.1880922,20,113.7616364,1.099049739,0.993022335,0.436194969,0.00930636,10/30/19
33,55.07311635,482,174.0982848,20,118.6830436,1.005118023,0.994127474,0.410613172,0.007803608,10/30/19
34,61.37365955,541,180.5335891,20,116.0129272,1.052258707,0.992957842,0.527388688,0.008951524,10/30/19
35,67.07402905,609,184.5079389,20,139.2516412,0.672615474,0.946321776,1.045596347,0.016182047,10/30/19
36,73.97348167,726,190.3432344,20,139.2360547,0.687260573,0.939277343,1.262328423,0.017651713,10/30/19
37,78.94464163,0,160.8559526,201,180.8963217,-0.248392658,0.726449651,1.177635673,0.015397194,10/30/19
38,14.6953141,180,123.2529801,201,117.2026611,0.407787502,0.992363555,0.044464605,0.003613525,10/30/19
39,20.04545432,272,126.0673951,201,115.5573406,0.525502608,0.994330045,0.070667911,0.004008541,10/30/19
40,25.49504213,351,129.6265608,201,112.5061359,0.670074837,0.99496738,0.111035809,0.004813965,10/30/19
41,32.64483653,430,134.2863003,201,112.8792762,0.665990682,0.942987096,0.499645311,0.016542031,10/30/19
42,43.39476494,482,142.9289926,201,96.61856456,1.078450014,0.980695366,0.625831758,0.015284481,10/30/19
43,49.59501772,541,147.7852515,201,94.5629093,1.073749412,0.977553693,0.774822226,0.016435845,10/30/19
44,57.544798,609,149.9426874,201,116.746429,0.571772126,0.943311811,0.779998446,0.01415887,10/30/19
45,67.39529434,726,162.5691634,201,28.09307965,2.009488482,0.983487313,1.707984023,0.026302497,10/30/19
46,78.94464163,0,154.9215336,202,186.7704676,-0.404119665,0.985387238,0.380214782,0.004971182,10/30/19
47,15.54475355,180,130.2497382,202,122.9187023,0.468444432,0.995922889,0.039812514,0.003027669,10/30/19
48,20.04545432,272,132.4472207,202,122.4145384,0.498203425,0.994001441,0.068922259,0.003909522,10/30/19
49,25.79487112,351,135.9036845,202,119.8759687,0.6209732,0.997474464,0.073747535,0.003156354,10/30/19
50,35.6949024,430,141.9381985,202,119.2101427,0.638155901,0.997606634,0.104990446,0.003157466,10/30/19
51,43.59532002,482,146.5333529,202,121.4172067,0.575571161,0.996013932,0.151337789,0.003678118,10/30/19
52,49.2953452,541,149.6945053,202,122.6695249,0.546944791,0.994586251,0.190940072,0.004076226,10/30/19
53,55.34532988,609,152.9758532,202,123.015902,0.54074343,0.995111519,0.202489062,0.003828506,10/30/19
54,65.49562314,726,157.910152,202,129.3493817,0.436381097,0.98984446,0.281458492,0.004464995,10/30/19
55,78.94464163,0,155.1484557,203,186.7121296,-0.402625266,0.940836224,0.780060476,0.010199031,10/30/19
56,14.24538133,180,130.6821137,203,125.7792402,0.340093903,0.952694501,0.090779163,0.007655345,10/30/19
57,20.04545432,272,133.1816191,203,124.0323327,0.459679009,0.977697048,0.123639303,0.007013272,10/30/19
58,25.49504213,351,135.6337878,203,123.658796,0.470941041,0.985216941,0.13440947,0.005827331,10/30/19
59,36.34481527,430,141.2654655,203,118.5567921,0.620587394,0.96822498,0.384995659,0.011356505,10/30/19
60,41.29468158,482,143.3710011,203,125.2853687,0.439754881,0.953025322,0.383119512,0.00986228,10/30/19
61,49.59501772,541,147.2373096,203,123.8543895,0.471848951,0.852637576,0.934138201,0.01981532,10/30/19
62,59.79535687,609,152.5193938,203,122.6572797,0.493433395,0.927640518,1.170123409,0.02040734,10/30/19
63,64.99501758,726,154.9586933,203,115.0695028,0.617923729,0.93880465,0.996618908,0.015936518,10/30/19
64,78.94464163,0,217.2101818,204,280.4492126,-0.799862156,0.963806068,1.197552402,0.015657599,10/30/19
65,13.04477216,180,137.0860155,204,125.5491543,0.879833452,0.986024347,0.112881567,0.010581072,10/30/19
66,20.04545432,272,144.6257552,204,122.286059,1.113853265,0.99176923,0.180703162,0.010250142,10/30/19
67,26.99516179,351,153.9926757,204,115.5880714,1.429455007,0.993284817,0.291623739,0.011872699,10/30/19
68,33.59536356,430,164.2479897,204,112.1660532,1.550204713,0.994400449,0.366082863,0.011750922,10/30/19
69,42.94476966,482,178.3774555,204,108.9529872,1.62168722,0.993045639,0.555147976,0.013708757,10/30/19
70,49.14548272,541,188.1171785,204,110.9873309,1.56963605,0.99341948,0.602554387,0.012904753,10/30/19
71,55.04486746,609,197.4468383,204,115.7748985,1.482189578,0.991799355,0.71598771,0.013614535,10/30/19
72,67.59514405,726,217.4106189,204,108.9801174,1.59708623,0.989201684,1.097925846,0.01685586,10/30/19
73,78.39508166,0,151.3340257,209,189.3807822,-0.484383763,0.957229293,0.785375424,0.010342887,10/30/19
74,13.54489703,180,109.5208361,209,101.7096695,0.578856813,0.992234886,0.05774787,0.005172789,10/30/19
75,20.04545432,272,113.5785139,209,101.1260643,0.617567646,0.986087538,0.130632621,0.007409958,10/30/19
76,25.09471856,351,117.7926909,209,97.63567245,0.80178384,0.995535289,0.122939164,0.005423911,10/30/19
77,34.14482488,430,125.9395448,209,94.03217239,0.934777169,0.996804473,0.169496543,0.005346398,10/30/19
78,43.99494738,482,135.2535675,209,91.60218749,0.99250934,0.99553975,0.278800067,0.006710763,10/30/19
79,49.04528499,541,139.8700015,209,95.53036518,0.903382368,0.995354494,0.290470486,0.006234278,10/30/19
80,55.64528124,609,145.7854999,209,94.40318848,0.9249511,0.993155454,0.412569648,0.007756565,10/30/19
81,67.99475415,726,153.1972167,209,116.5997419,0.534529713,0.922310265,1.027028219,0.015671195,10/30/19
82,78.94464163,0,274.2408586,210,387.2097531,-1.422826113,0.972705701,1.841422256,0.024075983,10/30/19
83,12.59547389,180,153.3273339,210,137.3672077,1.266153005,0.993472635,0.105980193,0.010367263,10/30/19
84,20.04545432,272,165.0740439,210,130.4476899,1.721700718,0.992416949,0.268012727,0.015202658,10/30/19
85,24.9950148,351,174.1913884,210,127.5201461,1.879899754,0.989981501,0.431092919,0.019103346,10/30/19
86,32.94480119,430,190.5418303,210,117.1109432,2.225431425,0.9953864,0.466859083,0.015304717,10/30/19
87,44.04470816,482,217.1160738,210,72.19725415,3.254092668,0.950250552,3.128491283,0.075212833,10/30/19
88,48.99543627,541,230.9144018,210,76.05376341,3.193101634,0.970048891,2.637904284,0.056677325,10/30/19
89,58.4456353,609,240.4731084,210,138.723409,1.75793709,0.906276733,3.1973065,0.057106243,10/30/19
90,67.99475415,726,278.1068191,210,92.45116325,2.74381175,0.940779614,4.557358622,0.069539721,10/30/19
91,72.59909423,0,101.6161898,211,119.639385,-0.247791149,0.963850267,0.340001552,0.00484753,10/30/19
92,14.84912025,180,106.4086592,211,108.1792323,-0.127252678,0.869090952,0.062152739,0.004988915,10/30/19
93,19.84945503,272,105.7034837,211,107.8561817,-0.104711343,0.805225206,0.090696226,0.005202216,10/30/19
94,26.54927367,351,105.3877968,211,107.1880063,-0.065968748,0.635121546,0.121815868,0.005050925,10/30/19
95,32.14973462,430,105.0912081,211,107.0074509,-0.057641673,0.624487228,0.134142811,0.00451517,10/30/19
96,37.14947994,482,104.8509824,211,107.1134636,-0.059947181,0.564875569,0.184446155,0.005314789,10/30/19
97,42.34884839,541,104.7008311,211,106.4246979,-0.042835084,0.411303317,0.206551653,0.005176679,10/30/19
98,53.1996627,609,104.2301144,211,107.0245409,-0.051657354,0.520021772,0.254396217,0.005013247,10/30/19
99,58.04953945,726,104.1355515,211,105.475961,-0.023968439,0.141607872,0.331168376,0.005961093,10/30/19
100,72.19943171,0,160.1749675,212,198.1780074,-0.525775332,0.985878837,0.443289766,0.006356391,10/30/19
101,14.79959295,180,120.8288494,212,112.807589,0.474120283,0.862645427,0.237137688,0.019110889,10/30/19
102,20.14918903,272,124.8753624,212,110.4243128,0.712140978,0.983593818,0.164753445,0.009290708,10/30/19
103,25.89961074,351,131.7144452,212,104.1976736,1.045423381,0.98352879,0.320728922,0.013666219,10/30/19
104,32.09957392,430,138.0021718,212,105.0460519,1.022356119,0.985171015,0.375795499,0.012670363,10/30/19
105,37.09941747,482,139.4784422,212,144.9414178,-0.231004277,0.385870144,2.457112493,0.070903404,10/30/19
106,44.19918978,541,153.459571,212,110.6080126,0.970082845,0.989451868,0.422410841,0.010117803,10/30/19
107,50.89889543,609,160.1444122,212,121.602728,0.757641037,0.990832947,0.356632552,0.00736148,10/30/19
108,58.04953945,726,159.2351864,212,146.4076014,0.173485305,0.012532052,8.642175027,0.155560765,10/30/19
109,90.78385128,0,146.6429561,217,207.7659909,-0.674319657,0.990964069,0.574476326,0.006504446,10/30/19
110,31.88391867,180,109.8402738,217,92.28867061,0.550567055,0.959395232,0.336888366,0.011441604,10/30/19
111,37.93364666,272,114.0098545,217,88.12979771,0.677746316,0.985898001,0.290576789,0.008188012,10/30/19
112,46.68395688,351,120.790226,217,78.009093,0.918314183,0.986759432,0.475297197,0.010745482,10/30/19
113,56.63403684,430,129.1009402,217,87.09419408,0.742631757,0.992535653,0.352456867,0.00650554,10/30/19
114,62.833496,482,133.8396664,217,83.35816419,0.798904591,0.906148621,1.568075031,0.025971826,10/30/19
115,67.78351984,541,139.2841104,217,62.92145898,1.132088005,0.976241,1.165413096,0.017840323,10/30/19
116,73.88361803,609,144.002414,217,90.04684084,0.72015648,0.74860012,3.011003738,0.042157167,10/30/19
117,78.78355445,726,149.0457533,217,70.81210978,0.993502975,0.980114285,1.091038899,0.014295139,10/30/19
118,96.03356053,0,178.1913091,218,267.1002931,-0.926356085,0.989515927,0.901269057,0.009632046,10/30/19
119,30.38361702,180,82.27449288,218,64.37747244,0.582855497,0.984597797,0.205792894,0.007363933,10/30/19
120,39.9338589,272,95.56755946,218,29.59047783,1.65113801,0.997034909,0.340964525,0.009095659,10/30/19
121,48.73360204,351,112.7662095,218,12.7623755,2.053486191,0.998868605,0.323099681,0.006981225,10/30/19
122,56.33382482,430,129.0978633,218,9.209738955,2.128776642,0.998298057,0.478378319,0.008878907,10/30/19
123,61.63365532,482,140.8451147,218,2.122278961,2.25574838,0.998582923,0.507961016,0.008583852,10/30/19
124,67.88411126,541,154.5732153,218,7.747383169,2.163379883,0.998079425,0.62718295,0.00958634,10/30/19
125,73.78400496,609,167.5632415,218,5.441567917,2.196525806,0.998062284,0.697302138,0.009776637,10/30/19
126,78.78355445,726,177.9373722,218,10.83712983,2.124290538,0.99673877,0.936812695,0.012274418,10/30/19
127,96.38363163,0,116.0967699,219,134.6281804,-0.192111316,0.974368752,0.295610762,0.003147481,10/30/19
128,31.88391867,180,98.16832575,219,91.17365891,0.217568543,0.97349542,0.106776496,0.003626407,10/30/19
129,39.43389167,272,100.7060525,219,86.44374801,0.361025774,0.993879734,0.105850066,0.002861827,10/30/19
130,44.88358321,351,102.8400384,219,85.17463622,0.394355985,0.994592379,0.12464149,0.002937352,10/30/19
131,55.5840057,430,107.1357305,219,81.78936219,0.457276377,0.992297873,0.21621025,0.004069584,10/30/19
132,61.88397069,482,109.8125127,219,84.56544522,0.407815454,0.990111596,0.244652763,0.004116913,10/30/19
133,67.83408785,541,112.5641898,219,83.15957356,0.432384552,0.989606396,0.292629705,0.004476195,10/30/19
134,72.93363374,609,114.4980994,219,87.42157802,0.370528324,0.986368604,0.310087892,0.004400063,10/30/19
135,78.78355445,726,117.2673856,219,83.16993984,0.432804076,0.993581491,0.268191797,0.003513934,10/30/19
136,93.58415888,0,181.8011914,220,257.371701,-0.807930355,0.991903771,0.671865189,0.007373395,10/30/19
137,30.28408754,180,120.4621314,220,97.93690229,0.736969686,0.995722149,0.135877076,0.004879556,10/30/19
138,38.38388627,272,130.4931572,220,77.73303356,1.373373234,0.998918335,0.164061702,0.00456517,10/30/19
139,48.28365281,351,144.9270759,220,73.454568,1.478786292,0.997842497,0.318346894,0.006946037,10/30/19
140,54.5336271,430,155.0386038,220,67.99143045,1.59663035,0.998115082,0.365012457,0.007008858,10/30/19
141,61.63365532,482,164.6141289,220,72.52058552,1.502962277,0.995490371,0.604693218,0.010218495,10/30/19
142,67.88411126,541,172.7882354,220,73.81355963,1.459059999,0.993574517,0.775450731,0.011852577,10/30/19
143,73.88361803,609,179.8878742,220,92.33859976,1.186531438,0.977526612,1.298004103,0.0181734,10/30/19
144,78.78355445,726,184.6103038,220,102.5627759,1.045969435,0.977138137,1.233490008,0.016161579,10/30/19
145,92.78362809,0,160.9993367,221,254.7084705,-1.006276966,0.988130141,1.006249169,0.011140898,10/30/19
146,31.88391867,180,85.69478209,221,53.78051086,0.9945726,0.987542482,0.332246496,0.011283954,10/30/19
147,38.88365399,272,95.85443952,221,36.64061679,1.5228619,0.996856199,0.314778497,0.008638907,10/30/19
148,46.68395688,351,109.3700289,221,26.25449201,1.780781254,0.998236303,0.334450722,0.007561236,10/30/19
149,55.83348218,430,125.8313982,221,23.90898686,1.825888725,0.997837434,0.458332154,0.008586498,10/30/19
150,62.1841547,482,137.3388087,221,23.92096544,1.82624967,0.99657451,0.645979017,0.010815674,10/30/19
151,67.98341884,541,148.0002639,221,23.73625375,1.828712814,0.995686155,0.796724295,0.012159158,10/30/19
152,72.93363374,609,156.8916118,221,25.36575061,1.803493208,0.997120416,0.689951312,0.009790222,10/30/19
153,78.78355445,726,166.8533547,221,29.69637318,1.743348937,0.995159319,0.937411,0.012282257,10/30/19
154,94.13400147,0,127.1938202,222,183.2587379,-0.59552467,0.991946329,0.49689818,0.005420503,10/30/19
155,31.73400089,180,84.27084518,222,68.87075163,0.479877012,0.987677546,0.158614039,0.005414495,10/30/19
156,39.78349541,272,90.62561394,222,56.55780162,0.854782368,0.99795417,0.145967763,0.003909507,10/30/19
157,47.53396988,351,98.24909915,222,48.73045517,1.041320935,0.998344657,0.193097536,0.004283268,10/30/19
158,56.08380728,430,106.9404345,222,47.18449974,1.067341816,0.997644242,0.280970586,0.005239237,10/30/19
159,62.23406846,482,113.5271122,222,46.86761195,1.069449096,0.997563161,0.319167329,0.005339373,10/30/19
160,67.98341884,541,119.5370132,222,46.91583426,1.068345098,0.99635043,0.427974492,0.006531506,10/30/19
161,73.58334721,609,125.646398,222,46.71029857,1.072446559,0.997587689,0.37889242,0.005327258,10/30/19
162,78.78355445,726,131.3276167,222,44.90614525,1.096882793,0.99714983,0.452120548,0.005923827,10/30/19
163,92.07354055,0,164.0650427,229,206.0819764,-0.458778298,0.954978861,0.90136351,0.010062391,10/30/19
164,28.87316788,180,141.8170545,229,133.3902051,0.283239865,0.90519167,0.244806011,0.009259645,10/30/19
165,34.97384416,272,143.4683375,229,131.1089663,0.354725454,0.880470431,0.429487405,0.013202604,10/30/19
166,40.57344104,351,146.5389294,229,126.1001459,0.495493237,0.844018818,0.820359127,0.021517149,10/30/19
167,45.82293387,430,153.7134439,229,119.1835168,0.726214996,0.943936618,1.524922338,0.035158815,10/30/19
168,55.62400489,482,156.9281836,229,129.0327138,0.500432146,0.979248341,0.391258351,0.007358887,10/30/19
169,61.77302572,541,161.1840499,229,114.8876038,0.750391708,0.991104688,0.425958505,0.00718118,10/30/19
170,66.97323871,609,165.1282823,229,104.5464955,0.908479921,0.943062936,1.454747434,0.022549115,10/30/19
171,74.87432054,726,167.2677386,229,124.3220553,0.574774185,0.961878824,0.836995561,0.011558652,10/30/19
172,93.1732932,0,238.2425496,230,433.9770022,-2.105838958,0.985383614,2.349530689,0.025907735,10/30/19
173,28.72355101,180,158.536503,230,138.3911779,0.699485367,0.964496431,0.356378636,0.013556616,10/30/19
174,33.82318364,272,163.3800989,230,135.8543915,0.793277145,0.957722216,0.528353501,0.016836361,10/30/19
175,40.77336591,351,173.5253132,230,106.4357551,1.647731562,0.99025513,0.632816478,0.016511552,10/30/19
176,48.72342527,430,189.9097568,230,95.31572028,1.939357142,0.996642037,0.526164014,0.011371378,10/30/19
177,55.07311635,482,204.3787,230,64.37145438,2.550007858,0.991301952,1.269620174,0.024128837,10/30/19
178,61.4231487,541,216.7703397,230,93.7165437,1.997534087,0.987470852,1.340237817,0.022728972,10/30/19
179,66.7742002,609,227.1060177,230,110.935963,1.74034181,0.976073006,1.770249856,0.027524817,10/30/19
180,74.12341637,726,246.4556042,230,66.55943058,2.4328659,0.990515945,1.723323325,0.024047583,10/30/19
181,90.92286859,0,234.9425231,237,322.8214051,-0.948205941,0.973116555,2.486903803,0.028127332,10/30/19
182,28.87316788,180,186.6319214,237,159.3187709,0.943624171,0.949831719,0.579168664,0.021906717,10/30/19
183,34.47333635,272,193.8750127,237,146.535103,1.370129237,0.978837709,0.651846269,0.020350472,10/30/19
184,40.87355676,351,202.6948833,237,145.3403831,1.402104287,0.9673648,0.999622686,0.026014488,10/30/19
185,48.52297852,430,213.444527,237,152.118166,1.264447679,0.981663262,0.80425765,0.017456919,10/30/19
186,55.37293414,482,224.540154,237,133.1632898,1.649495487,0.988937428,0.932582274,0.017623077,10/30/19
187,61.57339085,541,230.7083255,237,156.3811001,1.210820367,0.965563808,1.36549104,0.023098498,10/30/19
188,66.72346362,609,237.2532843,237,147.7489873,1.347862696,0.956387639,1.868498749,0.029075048,10/30/19
189,74.87432054,726,246.7397159,237,164.1415288,1.101834941,0.955917722,1.730777472,0.023901506,10/30/19
190,86.92289614,0,126.8276712,238,156.1043594,-0.336724972,0.975844098,0.45200069,0.005351601,10/30/19
191,28.87316788,180,114.0480582,238,108.4741781,0.189867269,0.955483012,0.109450117,0.004139887,10/30/19
192,35.57305504,272,115.8445768,238,105.3854406,0.293730042,0.979614192,0.141805149,0.004280276,10/30/19
193,40.72300784,351,117.380905,238,104.695255,0.310466624,0.970975383,0.207541211,0.005422269,10/30/19
194,50.0732813,430,120.4787462,238,103.1654686,0.346982903,0.982201849,0.224685433,0.004718263,10/30/19
195,55.47339798,482,122.3671199,238,103.132523,0.346915287,0.976660077,0.287219133,0.005417369,10/30/19
196,61.57339085,541,124.4922635,238,104.3343915,0.326690812,0.979306004,0.28359068,0.004797189,10/30/19
197,68.27379297,609,126.6425284,238,107.2024056,0.282559509,0.96233692,0.37163084,0.005646655,10/30/19
198,74.82340969,726,129.1593757,238,97.80006861,0.418835284,0.981713899,0.417844131,0.005774286,10/30/19
199,72.19943171,0,137.5057926,239,161.2039075,-0.328013373,0.988101708,0.25356953,0.003635967,10/30/19
200,14.84912025,180,116.2949027,239,113.6434844,0.173952595,0.962525915,0.043194787,0.003467186,10/30/19
201,20.9488716,272,118.1746495,239,111.0036803,0.342796539,0.990010856,0.064454993,0.003478304,10/30/19
202,26.29934423,351,120.5375349,239,108.5941282,0.453791934,0.994470116,0.081587176,0.003418266,10/30/19
203,32.14973462,430,123.6190161,239,106.9407829,0.516068383,0.996302869,0.094346162,0.003175638,10/30/19
204,37.09941747,482,126.525089,239,104.753574,0.586449799,0.99673305,0.117532388,0.003391561,10/30/19
205,43.64919445,541,130.9588944,239,103.4304885,0.630084391,0.997618321,0.128126194,0.00310989,10/30/19
206,49.69958207,609,134.9048136,239,101.5283889,0.671474872,0.996273671,0.19599092,0.004148279,10/30/19
207,58.04953945,726,140.2278987,239,99.75057888,0.698704907,0.994961018,0.279043626,0.005022837,10/30/19
208,71.64906982,0,156.925252,240,194.7401012,-0.527176067,0.989850201,0.373100494,0.005392456,10/30/19
209,14.84912025,180,127.3304398,240,120.865189,0.42743491,0.986101371,0.063861089,0.005126042,10/30/19
210,20.9488716,272,131.0948718,240,117.4407597,0.649271514,0.996756225,0.069331923,0.003741487,10/30/19
211,26.89902162,351,135.506705,240,114.7786363,0.768471875,0.99665283,0.110068039,0.004498647,10/30/19
212,32.14973462,430,139.6882678,240,113.2454656,0.824504604,0.996666472,0.143103569,0.004816784,10/30/19
213,37.34955844,482,144.1493399,240,112.1037811,0.859055968,0.998226802,0.127658439,0.0036574,10/30/19
214,44.69954589,541,150.8630525,240,110.4635248,0.902794018,0.997704275,0.184820788,0.004374563,10/30/19
215,49.69958207,609,155.327135,240,109.6986705,0.919316109,0.997828136,0.204695494,0.004332517,10/30/19
216,58.04953945,726,161.6113515,240,114.2254386,0.81647019,0.993558734,0.368925899,0.006640735,10/30/19
217,72.19943171,0,157.3471388,243,208.5821739,-0.710436609,0.963324074,0.976548255,0.014002856,10/30/19
218,14.84912025,180,129.6912711,243,121.5497696,0.547108833,0.959047814,0.142276531,0.011420342,10/30/19
219,20.54920004,272,132.9315958,243,121.0227454,0.571562973,0.965283928,0.198532109,0.010949362,10/30/19
220,26.9992282,351,137.3090327,243,122.1122849,0.564021827,0.81198295,0.673528319,0.027416249,10/30/19
221,31.94891844,430,141.1630704,243,120.043316,0.646796127,0.959769798,0.394739073,0.013376637,10/30/19
222,37.19957487,482,145.8536991,243,115.2646509,0.818276111,0.978681,0.423992261,0.012199715,10/30/19
223,44.74902618,541,152.7364082,243,101.1134543,1.152474384,0.975574093,0.779189228,0.018421011,10/30/19
224,52.59912331,609,158.4809626,243,112.7446786,0.874631212,0.967350067,0.813934149,0.016231597,10/30/19
225,58.04953945,726,161.9815963,243,120.9100196,0.709177085,0.961459119,0.796819686,0.014342903,10/30/19
226,70.44939421,0,139.9124344,244,183.5157142,-0.619088573,0.991465456,0.394488146,0.005802179,10/30/19
227,14.84912025,180,103.1782386,244,96.58497531,0.44078583,0.987332443,0.062832376,0.005043469,10/30/19
228,20.44935972,272,106.9372305,244,92.86928263,0.682282615,0.995767235,0.081027441,0.004493497,10/30/19
229,26.9992282,351,112.1166059,244,89.22402888,0.848906293,0.997354677,0.108494831,0.004416327,10/30/19
230,31.94891844,430,116.632301,244,88.90720391,0.860704553,0.992590367,0.221675424,0.007511979,10/30/19
231,37.3995412,482,122.1523794,244,83.24160375,1.04027766,0.997798282,0.172541676,0.004936234,10/30/19
232,44.49929861,541,129.663272,244,81.56378795,1.082431995,0.997210605,0.243167638,0.005782947,10/30/19
233,49.69958207,609,135.1134806,244,86.80713201,0.966937193,0.995527794,0.309305316,0.006546655,10/30/19
234,58.04953945,726,144.3523807,244,79.78417287,1.107874616,0.994624508,0.457067256,0.008227296,10/30/19
235,72.54899745,0,160.085372,247,198.141533,-0.527175847,0.927528107,1.043312664,0.01488551,10/30/19
236,14.84912025,180,127.1825632,247,122.0725258,0.335830548,0.971860836,0.071914237,0.005772457,10/30/19
237,20.9488716,272,130.4106802,247,109.5612841,1.008562766,0.971447535,0.323661499,0.017466344,10/30/19
238,26.44883376,351,135.043315,247,112.4728404,0.851783478,0.993153096,0.171588026,0.007144226,10/30/19
239,32.09957392,430,139.7428387,247,112.434789,0.846395664,0.992874578,0.214823112,0.007243,10/30/19
240,37.3995412,482,145.0882038,247,106.403971,1.030487073,0.994262912,0.276390374,0.007907235,10/30/19
241,43.69939925,541,152.0675236,247,105.3585506,1.067722079,0.996544636,0.26197686,0.006351023,10/30/19
242,50.34889175,609,159.2497187,247,105.3514906,1.070211101,0.997080618,0.280179281,0.005849742,10/30/19
243,58.04953945,726,158.5866558,247,181.5639599,-0.332957203,0.046200413,8.489927865,0.152820287,10/30/19
244,72.59909423,0,239.2533345,248,307.2053345,-0.931579786,0.925535791,1.872167008,0.02669219,10/30/19
245,14.84912025,180,137.4868081,248,119.346992,1.209528006,0.988128058,0.166844281,0.013392361,10/30/19
246,20.9488716,272,147.6418609,248,110.1634772,1.786345559,0.991270599,0.313788891,0.016933571,10/30/19
247,26.09969745,351,159.5871173,248,98.51015061,2.337296787,0.997181584,0.297087755,0.012552097,10/30/19
248,32.14973462,430,175.2503649,248,90.76989792,2.629823317,0.997894828,0.362500145,0.012201547,10/30/19
249,37.09941747,482,188.4958892,248,89.52104332,2.669657631,0.99700112,0.512545218,0.014790206,10/30/19
250,43.49936861,541,206.2754642,248,83.27153809,2.837951555,0.997250602,0.617900479,0.0150525,10/30/19
251,49.69958207,609,219.7279672,248,115.3671432,2.125089583,0.965067313,1.929609182,0.040841473,10/30/19
252,58.04953945,726,232.6124367,248,125.7316715,1.843472211,0.982051503,1.398599765,0.025175057,10/30/19
253,78.94464163,0,183.7267011,26,252.0224694,-0.866295498,0.961936294,1.331388373,0.01740746,10/30/19
254,15.79493505,180,123.9116359,26,112.8040787,0.700088436,0.993259635,0.0780535,0.005825728,10/30/19
255,20.04545432,272,127.5897395,26,110.6330608,0.839104659,0.992235618,0.132185869,0.007498064,10/30/19
256,25.79487112,351,133.1080027,26,107.33921,0.997116627,0.994189909,0.179908429,0.007699982,10/30/19
257,34.59506207,430,143.8829253,26,98.55724857,1.313213971,0.997139943,0.228426322,0.007104471,10/30/19
258,43.39476494,482,153.8167202,26,109.2656415,1.026529066,0.992447919,0.370377461,0.009045606,10/30/19
259,49.24527184,541,161.4197228,26,102.071944,1.202925883,0.993721923,0.451941188,0.009658434,10/30/19
260,54.84548891,609,168.9009112,26,91.17616894,1.416302026,0.995313392,0.514328904,0.009817303,10/30/19
261,67.79553318,726,184.7883946,26,97.65890852,1.290643107,0.969272541,1.516654505,0.023213119,10/30/19
262,78.94464163,0,156.3704344,27,172.7145594,-0.204695688,0.706212144,1.020033287,0.013336596,10/30/19
263,12.24506599,180,113.9205826,27,109.8861815,0.338243651,0.970234883,0.059104719,0.005984556,10/30/19
264,20.04545432,272,116.9953577,27,111.4530786,0.269577355,0.955744039,0.103305001,0.005859836,10/30/19
265,26.14485315,351,120.7175515,27,102.6586987,0.688491219,0.99581104,0.10696877,0.004510763,10/30/19
266,32.64483653,430,125.3905416,27,97.93805853,0.845986535,0.994775414,0.187062546,0.006193182,10/30/19
267,44.04470816,482,129.9554333,27,98.20167885,0.716790026,0.974292232,0.489225948,0.011761602,10/30/19
268,48.99543627,541,131.4131977,27,116.4811968,0.3119244,0.894760833,0.502945836,0.010806163,10/30/19
269,57.84532513,609,134.9308332,27,106.5074986,0.488869231,0.917217281,1.191641059,0.021514063,10/30/19
270,65.49562314,726,157.1268783,27,-57.60021775,3.218720812,0.912682815,11.41920491,0.18115171,10/30/19
271,91.8731723,0,233.9798659,3,330.6615,-1.053500606,0.991372018,0.887311942,0.009927915,10/30/19
272,28.37291322,180,179.4934201,3,150.32452,1.028061632,0.989435958,0.278340106,0.010730682,10/30/19
273,33.82318364,272,186.7213298,3,145.277787,1.216095718,0.978193249,0.575591322,0.018341628,10/30/19
274,40.77336591,351,195.6234709,3,144.4609131,1.253730066,0.986787594,0.561642552,0.01465447,10/30/19
275,48.9229107,430,214.6443831,3,140.5398735,1.511548858,0.99307489,0.592531881,0.012750626,10/30/19
276,56.42400959,482,222.5557739,3,166.6263114,0.997086613,0.946795828,1.288545399,0.023876163,10/30/19
277,61.37365955,541,230.4629415,3,136.991313,1.516012109,0.978528279,1.336503818,0.022684874,10/30/19
278,67.02340081,609,236.9868376,3,158.6554491,1.170923979,0.948362887,1.78198401,0.027600018,10/30/19
279,73.87291228,726,246.0653348,3,122.8278069,1.674172649,0.970263746,2.114284404,0.029606388,10/30/19
280,87.52369284,0,152.043625,35,184.5758083,-0.371902689,0.987324303,0.362077392,0.004256693,10/30/19
281,28.87316788,180,130.4743109,35,122.1683458,0.287457562,0.98248445,0.10250322,0.003877124,10/30/19
282,35.62324174,272,133.2175373,35,117.2372664,0.447484779,0.986880214,0.172930258,0.005211904,10/30/19
283,40.77336591,351,135.3890005,35,116.628313,0.462633262,0.991757479,0.163283007,0.004260407,10/30/19
284,48.67366292,430,139.6443014,35,110.4362745,0.601762038,0.993317082,0.230456804,0.004985984,10/30/19
285,55.07311635,482,142.7579128,35,115.9242923,0.489470935,0.977744236,0.392518304,0.007459719,10/30/19
286,61.37365955,541,146.7549599,35,110.5493889,0.590726831,0.992829368,0.298778201,0.005071251,10/30/19
287,67.72345637,609,150.6083392,35,103.3782781,0.698451384,0.995016106,0.32588854,0.004993356,10/30/19
288,73.77344173,726,153.9489902,35,111.8145333,0.570790506,0.973724625,0.675444351,0.009471529,10/30/19
289,92.12333454,0,154.0604574,36,191.8189989,-0.409762167,0.989307115,0.385695233,0.004303291,10/30/19
290,28.5235281,180,135.8340268,36,125.1136935,0.373428898,0.989621056,0.10078265,0.003863109,10/30/19
291,35.02347868,272,138.6858592,36,122.4899873,0.460926398,0.991767995,0.138204921,0.004241958,10/30/19
292,40.57344104,351,141.2232826,36,122.5767622,0.458014189,0.992064886,0.157758119,0.004137828,10/30/19
293,50.02367024,430,146.2224151,36,122.0192856,0.482463167,0.99111357,0.21952799,0.004614802,10/30/19
294,56.22360789,482,149.1942737,36,121.3469371,0.495743108,0.99211281,0.240075381,0.004465029,10/30/19
295,61.77302572,541,152.1725915,36,123.0375377,0.47205345,0.989670713,0.28896113,0.004871559,10/30/19
296,68.67335227,609,155.6922056,36,121.1103864,0.502179169,0.9882781,0.365810771,0.005524654,10/30/19
297,74.22340469,726,158.1817195,36,123.3815853,0.468177733,0.988967818,0.358457849,0.004995021,10/30/19
298,92.42365707,0,242.8062136,4,362.6696919,-1.29604123,0.995384679,0.801715833,0.008914793,10/30/19
299,26.57292816,180,185.0513295,4,176.5179142,0.322124569,0.922498937,0.227692401,0.00943152,10/30/19
300,33.97307976,272,190.0023813,4,155.6757704,1.025285979,0.935039547,0.860768932,0.027298672,10/30/19
301,40.72300784,351,196.5046256,4,152.181736,1.091205061,0.991402244,0.392902023,0.010265047,10/30/19
302,47.17297872,430,209.7413529,4,139.2963973,1.48986677,0.996932085,0.373372183,0.008348785,10/30/19
303,55.92326047,482,222.4614043,4,155.4220401,1.198733901,0.990160445,0.645414864,0.01207104,10/30/19
304,61.37365955,541,230.8778568,4,135.8440444,1.555653206,0.969898415,1.631041997,0.027684157,10/30/19
305,67.07402905,609,239.7456639,4,141.6481186,1.456738529,0.991695369,0.870102029,0.01346603,10/30/19
306,73.67309237,726,251.0677224,4,120.9785943,1.765848997,0.982382563,1.701107404,0.023887548,10/30/19
307,78.34495805,0,219.8646687,41,316.4423558,-1.232383425,0.989575424,0.969587662,0.012777255,10/30/19
308,15.79493505,180,150.4450199,41,138.695494,0.745637933,0.986274349,0.119048733,0.008885514,10/30/19
309,20.04545432,272,154.5218325,41,135.2026492,0.961379295,0.995789047,0.111333052,0.006315216,10/30/19
310,26.64546952,351,163.0105811,41,127.0302574,1.352451143,0.998946032,0.107449359,0.004437632,10/30/19
311,36.0954443,430,176.6440154,41,122.445534,1.501663665,0.998333196,0.208575679,0.00619818,10/30/19
312,41.59549199,482,184.7887188,41,124.080347,1.455141951,0.996743276,0.32891741,0.008402163,10/30/19
313,48.99543627,541,195.9146826,41,119.7507553,1.553816729,0.996384426,0.440059685,0.009455008,10/30/19
314,59.79535687,609,211.9166147,41,121.0301995,1.522025973,0.992981018,0.74117523,0.012926341,10/30/19
315,65.79487729,726,222.3515856,41,89.49952007,2.029325217,0.983203489,1.696997973,0.026793315,10/30/19
316,78.94464163,0,222.2906461,42,303.67566,-1.030631958,0.991250275,0.748110013,0.009781289,10/30/19
317,15.04508613,180,162.115071,42,155.1465413,0.45601534,0.982000401,0.078908785,0.006236515,10/30/19
318,20.04545432,272,165.2058725,42,153.8012063,0.552636498,0.966282273,0.183839804,0.010428063,10/30/19
319,26.4949677,351,171.4839289,42,142.6699488,1.093636168,0.993020098,0.222876423,0.009262015,10/30/19
320,32.94480119,430,178.5417316,42,141.5069013,1.119979673,0.995320238,0.236639964,0.007757604,10/30/19
321,41.29468158,482,189.5726277,42,134.6736981,1.326613702,0.994490251,0.387484223,0.009974636,10/30/19
322,48.99543627,541,199.5516124,42,138.0521048,1.253365176,0.993606406,0.472693461,0.010156169,10/30/19
323,54.54482559,609,206.8997802,42,130.5413369,1.405782191,0.994585632,0.54577461,0.010477503,10/30/19
324,64.74548669,726,223.0525091,42,116.5403403,1.647064459,0.996546168,0.610092808,0.009794887,10/30/19
325,95.88365463,0,138.1773699,43,223.1419966,-0.885648717,0.991982127,0.75138998,0.008043149,10/30/19
326,31.88391867,180,81.06507602,43,66.89129952,0.440012106,0.983425379,0.169903286,0.005770357,10/30/19
327,39.88392135,272,86.99984184,43,52.83672504,0.857518999,0.995859126,0.209109388,0.005585702,10/30/19
328,46.03354822,351,93.86892583,43,38.0760205,1.214616416,0.99717496,0.284620491,0.006530595,10/30/19
329,56.68396719,430,107.2161313,43,33.68224731,1.296244174,0.996677214,0.409987723,0.007560451,10/30/19
330,62.833496,482,115.7263984,43,32.93782954,1.318543235,0.996729097,0.460671071,0.007630036,10/30/19
331,67.83408785,541,123.9459234,43,14.86484393,1.609112741,0.996386444,0.639935757,0.009788743,10/30/19
332,73.23374159,609,133.4142835,43,-0.466174643,1.828841676,0.997720521,0.624952143,0.00883032,10/30/19
333,78.78355445,726,142.6509957,43,11.78913826,1.657067963,0.994142587,0.980635719,0.012848601,10/30/19
334,95.33338615,0,122.2539301,44,139.156418,-0.178814762,0.79237017,0.858709725,0.009246367,10/30/19
335,30.28408754,180,95.81315278,44,91.129525,0.155192649,0.959671831,0.089488424,0.003213668,10/30/19
336,39.53393011,272,99.38998352,44,80.64586734,0.474003276,0.988325264,0.193001791,0.005204055,10/30/19
337,47.33364885,351,103.0886774,44,84.48844066,0.382558002,0.97207948,0.51109014,0.011387438,10/30/19
338,54.23359032,430,107.760959,44,47.94827386,1.121095093,0.80841243,2.854624259,0.055131091,10/30/19
339,62.833496,482,111.9974924,44,70.86910111,0.658164426,0.9558661,0.86252827,0.014285946,10/30/19
340,67.78351984,541,114.0606464,44,82.77996855,0.46866755,0.644402499,2.29736382,0.035168398,10/30/19
341,72.93363374,609,116.2326765,44,89.92695692,0.362003354,0.921658994,1.198844258,0.017011275,10/30/19
342,78.78355445,726,120.627201,44,35.10986642,1.067451687,0.650842452,6.027813692,0.078978334,10/30/19
343,95.08381095,0,160.2297791,45,207.9137701,-0.501374241,0.992109134,0.418346714,0.004516808,10/30/19
344,31.88391867,180,117.2002113,45,101.0415628,0.504381104,0.993300719,0.123202237,0.004184268,10/30/19
345,39.83386163,272,122.9547723,45,91.83701111,0.781752333,0.997928604,0.134509751,0.003597808,10/30/19
346,46.28379564,351,128.609805,45,87.52309772,0.886824736,0.998760703,0.138317706,0.003155598,10/30/19
347,55.93335852,430,137.9797761,45,79.5526004,1.044114764,0.99848834,0.219466151,0.004103843,10/30/19
348,62.38384041,482,144.9769051,45,74.97026509,1.12284116,0.998264834,0.283380024,0.004728821,10/30/19
349,67.78351984,541,151.1467712,45,72.94185972,1.153549456,0.998386431,0.306016509,0.004684548,10/30/19
350,73.88361803,609,158.9031035,45,63.4965637,1.289603419,0.998207825,0.394241836,0.005519794,10/30/19
351,78.78355445,726,165.2638096,45,60.89371171,1.323454014,0.997193319,0.541320582,0.007092555,10/30/19
352,97.38349946,0,174.0603043,46,248.276822,-0.762114432,0.996098135,0.457349785,0.004818282,10/30/19
353,31.88391867,180,126.9783809,46,113.7536729,0.410628936,0.984150015,0.154995604,0.005264053,10/30/19
354,39.9338589,272,132.8851968,46,98.30261366,0.869111545,0.994233356,0.250642619,0.006686208,10/30/19
355,46.28379564,351,139.3420981,46,91.3683325,1.036466071,0.998494259,0.178213439,0.004065784,10/30/19
356,56.43410398,430,151.2423129,46,80.87085647,1.247033883,0.997270172,0.355748797,0.006590622,10/30/19
357,62.28414903,482,158.7770039,46,75.85332266,1.332216399,0.997192027,0.427228282,0.007141161,10/30/19
358,67.78351984,541,166.6690345,46,71.89663521,1.39465399,0.994743651,0.668986131,0.010240942,10/30/19
359,73.23374159,609,174.8207688,46,65.04774241,1.498819559,0.998434291,0.424328746,0.005995593,10/30/19
360,78.78355445,726,183.4797747,46,60.62724967,1.558200421,0.994104174,0.925163514,0.012121787,10/30/19