ColonyID,Species,Site,Pair,Bleach,Date,F0,Fm,Yield,FragVol.mL,ColorScore,BleachScore,DateBlast,BlastVolume.mL,SA.cm2,AFDW.g,BM.mgcm2,SymSlurry.cellmL,SymFrag.cells,ProtSlurry.mgmL,ProtFrag.mg,ProtHost.mgmL,ProtHostFrag.mg,ChlaSlurry.ugmL,ChlaFrag.ug,TAChost.uMCRE,alpha,beta,ik,NPumolmin,Rumolmin,GPumolmin,NP.umolcm2hr,R.umolcm2hr,GP.umolcm2hr,PR,SymSA.cellcm2,ChlProt.ugug,ChlSym.ugcell,ChlSA.ugcm2,ProtSA.mgcm2,TAC.umolmg
3,Montipora capitata,13,1,Bleach,7/19/19,,,,,2,2,,,,,,,0,,0,,0,,0,,,,,,,,,,,,,,,,,
4,Montipora capitata,13,1,Non-bleach,7/19/19,,,,,3,1,,,,,,,0,,0,,0,,0,,,,,,,,,,,,,,,,,
11,Montipora capitata,13,2,Bleach,7/19/19,,,,,2,3,,,,,,,0,,0,,0,,0,,,,,,,,,,,,,,,,,
12,Montipora capitata,13,2,Non-bleach,7/19/19,,,,,3,2,,,,,,,0,,0,,0,,0,,,,,,,,,,,,,,,,,
19,Montipora capitata,13,3,Bleach,7/19/19,,,,,2,2,,,,,,,0,,0,,0,,0,,,,,,,,,,,,,,,,,
20,Montipora capitata,13,3,Non-bleach,7/19/19,,,,,3,1,,,,,,,0,,0,,0,,0,,,,,,,,,,,,,,,,,
26,Porites compressa,13,4,Non-bleach,7/19/19,,,,,3,1,,,,,,,0,,0,,0,,0,,,,,,,,,,,,,,,,,
27,Porites compressa,13,4,Bleach,7/19/19,,,,,3,1,,,,,,,0,,0,,0,,0,,,,,,,,,,,,,,,,,
35,Porites compressa,13,5,Bleach,7/19/19,,,,,3,1,,,,,,,0,,0,,0,,0,,,,,,,,,,,,,,,,,
36,Porites compressa,13,5,Non-bleach,7/19/19,,,,,3,1,,,,,,,0,,0,,0,,0,,,,,,,,,,,,,,,,,
41,Porites compressa,13,6,Bleach,7/19/19,,,,,3,1,,,,,,,0,,0,,0,,0,,,,,,,,,,,,,,,,,
42,Porites compressa,13,6,Non-bleach,7/19/19,,,,,3,1,,,,,,,0,,0,,0,,0,,,,,,,,,,,,,,,,,
43,Porites compressa,13,7,Bleach,7/19/19,,,,,3,1,,,,,,,0,,0,,0,,0,,,,,,,,,,,,,,,,,
44,Porites compressa,13,7,Non-bleach,7/19/19,,,,,3,1,,,,,,,0,,0,,0,,0,,,,,,,,,,,,,,,,,
45,Porites compressa,13,8,Bleach,7/19/19,,,,,3,1,,,,,,,0,,0,,0,,0,,,,,,,,,,,,,,,,,
46,Porites compressa,13,8,Non-bleach,7/19/19,,,,,3,1,,,,,,,0,,0,,0,,0,,,,,,,,,,,,,,,,,
201,Montipora capitata,13,9,Bleach,7/19/19,,,,,2,2,,,,,,,0,,0,,0,,0,,,,,,,,,,,,,,,,,
202,Montipora capitata,13,9,Non-bleach,7/19/19,,,,,3,1,,,,,,,0,,0,,0,,0,,,,,,,,,,,,,,,,,
203,Montipora capitata,13,10,Bleach,7/19/19,,,,,3,1,,,,,,,0,,0,,0,,0,,,,,,,,,,,,,,,,,
204,Montipora capitata,13,10,Non-bleach,7/19/19,,,,,3,1,,,,,,,0,,0,,0,,0,,,,,,,,,,,,,,,,,
209,Montipora capitata,13,11,Bleach,7/19/19,,,,,2,4,,,,,,,0,,0,,0,,0,,,,,,,,,,,,,,,,,
210,Montipora capitata,13,11,Non-bleach,7/19/19,,,,,3,2,,,,,,,0,,0,,0,,0,,,,,,,,,,,,,,,,,
211,Montipora capitata,13,12,Bleach,7/19/19,,,,,2,3,,,,,,,0,,0,,0,,0,,,,,,,,,,,,,,,,,
212,Montipora capitata,13,12,Non-bleach,7/19/19,,,,,3,1,,,,,,,0,,0,,0,,0,,,,,,,,,,,,,,,,,
217,Montipora capitata,13,13,Bleach,7/19/19,,,,,3,2,,,,,,,0,,0,,0,,0,,,,,,,,,,,,,,,,,
218,Montipora capitata,13,13,Non-bleach,7/19/19,,,,,3,1,,,,,,,0,,0,,0,,0,,,,,,,,,,,,,,,,,
219,Montipora capitata,13,14,Bleach,7/19/19,,,,,2,3,,,,,,,0,,0,,0,,0,,,,,,,,,,,,,,,,,
220,Montipora capitata,13,14,Non-bleach,7/19/19,,,,,3,2,,,,,,,0,,0,,0,,0,,,,,,,,,,,,,,,,,
221,Montipora capitata,13,15,Bleach,7/19/19,,,,,2,2,,,,,,,0,,0,,0,,0,,,,,,,,,,,,,,,,,
222,Montipora capitata,13,15,Non-bleach,7/19/19,,,,,3,1,,,,,,,0,,0,,0,,0,,,,,,,,,,,,,,,,,
229,Porites compressa,13,16,Bleach,7/19/19,,,,,3,1,,,,,,,0,,0,,0,,0,,,,,,,,,,,,,,,,,
230,Porites compressa,13,16,Non-bleach,7/19/19,,,,,3,1,,,,,,,0,,0,,0,,0,,,,,,,,,,,,,,,,,
237,Porites compressa,13,17,Bleach,7/19/19,,,,,3,1,,,,,,,0,,0,,0,,0,,,,,,,,,,,,,,,,,
238,Porites compressa,13,17,Non-bleach,7/19/19,,,,,3,1,,,,,,,0,,0,,0,,0,,,,,,,,,,,,,,,,,
239,Porites compressa,13,18,Bleach,7/19/19,,,,,2,2,,,,,,,0,,0,,0,,0,,,,,,,,,,,,,,,,,
240,Porites compressa,13,18,Non-bleach,7/19/19,,,,,3,1,,,,,,,0,,0,,0,,0,,,,,,,,,,,,,,,,,
243,Porites compressa,13,19,Bleach,7/19/19,,,,,3,1,,,,,,,0,,0,,0,,0,,,,,,,,,,,,,,,,,
244,Porites compressa,13,19,Non-bleach,7/19/19,,,,,3,1,,,,,,,0,,0,,0,,0,,,,,,,,,,,,,,,,,
247,Porites compressa,13,20,Bleach,7/19/19,,,,,3,1,,,,,,,0,,0,,0,,0,,,,,,,,,,,,,,,,,
248,Porites compressa,13,20,Non-bleach,7/19/19,,,,,3,1,,,,,,,0,,0,,0,,0,,,,,,,,,,,,,,,,,
3,Montipora capitata,13,1,Bleach,9/16/19,1226,3761,0.674,1.5,2,3,2/11/20,21,15.2527125,0.044333333,2.906586834,40160.44899,843369.4288,0.088951038,1.867971798,0.102980532,2.162591177,2.3255,48.8355,67.7822,0.004797026,0.000980418,407.6234406,0.387733536,-0.094267693,0.48200123,1.525237703,-0.370823328,1.896061031,5.113111552,55293.07845,0.026143596,5.79E-05,3.201758376,0.122468171,0.658204017
4,Montipora capitata,13,1,Non-bleach,9/16/19,1557,4092,0.62,3,3,1,9/10/20,19.5,18.08628544,0.073666667,4.07306779,1229153.089,23968485.24,0.205372505,4.004763848,0.030627495,0.597236153,5.991616667,116.836525,1675.92105,0.006736197,0.000745933,414.6244106,0.535439675,-0.148843294,0.684282969,1.776284058,-0.493777326,2.270061384,4.59733825,1325229.844,0.029174386,4.87E-06,6.459951403,0.221425448,54.71949464
11,Montipora capitata,13,2,Bleach,9/16/19,589,1326,0.556,4,2,4,2/10/20,26,14.16545154,0.086666667,6.118171837,12902.08238,335454.1419,0.135800855,3.53082223,0.075542026,1.964092676,1.723153333,44.80198666,59.48922,0.010937033,0.002352493,187.7504933,0.396958839,-0.104078896,0.501037735,1.681381653,-0.44084255,2.122224204,4.814018537,23681.14712,0.012688825,0.000133556,3.162764458,0.24925589,0.787498339
12,Montipora capitata,13,2,Non-bleach,9/16/19,1498,4092,0.634,3,3,2,3/10/20,21,10.45253394,0.023333333,2.232313568,241957.3712,5081104.795,0.171658113,3.604820373,0.080428,1.688988,8.13396,170.81316,2249.442738,0.005561838,0.000930955,365.9330221,0.409341686,-0.08929706,0.498638746,2.349717426,-0.512586101,2.862303527,5.584044383,486112.2503,0.047384652,3.36E-05,16.34179434,0.344875261,27.96840327
19,Montipora capitata,13,3,Bleach,9/16/19,1536,4092,0.625,3.5,2,3,9/19/20,17.5,16.5251165,0.064166667,3.882978172,329684.6027,5769480.547,0.248241083,4.344218953,0.306829242,5.369511735,13.02454,227.92945,1257.052835,0.006722445,0.000762532,356.7835685,0.457459174,-0.128963787,0.58642296,1.660959571,-0.468246455,2.129206026,4.54719091,349134.0316,0.052467303,3.95E-05,13.79291033,0.262885829,4.096913406
20,Montipora capitata,13,3,Non-bleach,9/16/19,1709,4092,0.582,2,3,1,3/3/20,13,15.38920984,0.054888889,3.566712616,728356.3936,9468633.117,0.170909443,2.221822759,0.103744187,1.348674431,12.1063,157.3819,1157.884272,0.006919967,0.00076572,308.1805928,0.423921333,-0.100698152,0.524619485,1.652799608,-0.392605544,2.045405152,5.209822375,615277.4064,0.070834588,1.66E-05,10.22676938,0.144375363,11.16095567
26,Porites compressa,13,4,Non-bleach,9/16/19,1812,4092,0.557,4,3,1,2/10/20,25,25.13286114,0.058333333,2.320998513,171011.9736,4275299.34,0.192695986,4.81739965,0.053643251,1.341081275,9.634373333,240.8593333,320.99224,0.005958375,0.000417523,526.5905159,0.605531859,-0.160048339,0.765580199,1.445593932,-0.382085442,1.827679374,4.783431083,170107.9442,0.049997789,5.63E-05,9.583442647,0.191677327,5.98383271
27,Porites compressa,13,4,Bleach,9/16/19,2096,4092,0.488,3,2,2,3/3/20,22.5,14.86902336,0.045,3.026426075,305908.1998,6882934.496,0.110922534,2.495757015,0.080814884,1.81833489,11.34856667,255.3427501,1012.919431,0.008182092,0.000544824,394.7186451,0.602200181,-0.189057765,0.791257946,2.430019105,-0.762892466,3.192911571,4.185270815,462904.2762,0.102310741,3.71E-05,17.17279904,0.167849425,12.53382274
35,Porites compressa,13,5,Bleach,9/16/19,1706,4092,0.583,3.5,3,1,10/7/20,24,16.37646034,0.064,3.908048423,636317.9417,15271630.6,0.183828198,4.411876752,0.108593517,2.606244408,6.816553333,163.59728,5375.862364,0.006067601,0.001350705,299.5821439,0.372630855,-0.071807777,0.444438632,1.36524321,-0.263089003,1.628332214,6.189282697,932535.4981,0.037081108,1.07E-05,9.989782688,0.269403562,49.50445029
36,Porites compressa,13,5,Non-bleach,9/16/19,1892,4092,0.538,8,3,1,10/7/20,35,27.81845376,0.101111111,3.634677613,1067331.088,37356588.08,0.21666443,7.58325505,0.13744927,4.81072445,14.37896,503.2636,932.8848348,0.011091883,0.001629513,252.4164562,0.59166348,-0.080282232,0.671945712,1.276124443,-0.173156062,1.449280505,8.369793583,1342870.758,0.066365116,1.35E-05,18.09099831,0.272598007,6.787121058
41,Porites compressa,13,6,Bleach,9/16/19,1680,4092,0.589,4,2,1,3/9/20,18,16.590656,0.032,1.928796547,99692.3572,1794462.43,0.1925701,3.4662618,0.154996619,2.789939142,13.5602,244.0836,1414.319492,0.007201851,0.000622657,412.8122117,0.538250017,-0.18716492,0.725414938,1.946577703,-0.676880723,2.623458425,3.875806098,108161.0293,0.070416955,0.00013602,14.71211265,0.208928556,9.124840923
42,Porites compressa,13,6,Non-bleach,9/16/19,1942,4092,0.525,5,3,1,9/19/20,21.5,18.87183384,0.078833333,4.177301157,805831.2524,17325371.93,0.2379528,5.1159852,0.318568164,6.849215526,22.66538667,487.3058134,1362.896369,0.014612199,0.000672393,300.7515099,0.764136396,-0.303761346,1.067897742,2.429450372,-0.965760981,3.395211353,3.515581413,918054.4973,0.095251607,2.81E-05,25.82185799,0.271091047,4.278193878
43,Porites compressa,13,7,Bleach,9/16/19,1739,4092,0.575,4,3,1,3/2/20,22.5,15.69700544,0.06,3.822385119,616107.3571,13862415.53,0.192891974,4.340069415,0.084224182,1.895044095,15.10602667,339.8856001,2028.306173,0.005764929,0.000395652,559.0787224,0.619343795,-0.167080195,0.78642399,2.367370505,-0.638644851,3.006015357,4.706865406,883124.8472,0.078313402,2.45E-05,21.65289433,0.276490279,24.0822306
44,Porites compressa,13,7,Non-bleach,9/16/19,1686,3383,0.502,4.5,2,2,3/10/20,24.5,15.8243485,0.038111111,2.408384213,22389.06789,548532.1633,0.106556676,2.610638562,0.051975538,1.273400681,2.65066,64.94117,2259.716632,0.001675998,0.001808312,804.0486779,0.245753125,-0.082383573,0.328136698,0.931803764,-0.31236764,1.244171404,3.983035525,34663.80706,0.024875588,0.000118391,4.103876378,0.164976053,43.47654145
45,Porites compressa,13,8,Bleach,9/16/19,1759,4092,0.57,2,2,2,3/2/20,12,14.51982914,0.037333333,2.571196463,189683.3556,2276200.267,0.304018514,3.648222168,0.053351582,0.640218984,4.709953333,56.51944,1887.259282,0.004389286,0.000992679,440.3033557,0.373666806,-0.101757063,0.475423869,1.54409588,-0.420488681,1.964584561,4.672146144,156764.9485,0.015492324,2.48E-05,3.892569221,0.251257927,35.37400788
46,Porites compressa,13,8,Non-bleach,9/16/19,1863,4092,0.545,2,3,2,9/10/20,22,15.30116024,0.051333333,3.354865417,790510.7759,17391237.07,0.471561994,10.37436387,0.01930165,0.4246363,5.476808333,120.4897833,2491.742406,0.005617167,0.000640225,470.2174979,0.501093693,-0.1486637,0.649757392,1.964924299,-0.582950694,2.547874992,4.370652636,1136595.97,0.011614185,6.93E-06,7.874552087,0.678011583,129.0947875
201,Montipora capitata,13,9,Bleach,9/16/19,1087,2834,0.616,2,2,4,9/19/20,18,13.32072674,0.048,3.603407002,259387.2486,4668970.475,0.14340394,2.58127092,0.209618131,3.773126358,4.254393333,76.57907999,1427.265765,0.003623003,0.001046778,507.0425992,0.352849204,-0.099056943,0.451906147,1.589324116,-0.446178102,2.035502218,4.562084533,350504.1854,0.0296672,1.64E-05,5.748866521,0.193778536,6.808885082
202,Montipora capitata,13,9,Non-bleach,9/16/19,1042,2758,0.622,3,3,2,2/10/20,28,12.4985485,0.074666667,5.974027037,394597.9074,11048741.41,0.083828179,2.347189012,0.024516854,0.686471912,2.488873333,69.68845332,74.082456,0.005301346,0.000924327,406.9748145,0.415777746,-0.112813259,0.528591005,1.995964952,-0.541566529,2.537531481,4.68553971,884001.9631,0.029690175,6.31E-06,5.575723719,0.187796928,3.021695035
203,Montipora capitata,13,10,Bleach,9/16/19,1608,4092,0.607,2,2,3,3/9/20,22,18.18577746,0.036666667,2.016227612,600842.5423,13218535.93,0.138574629,3.048641838,0.205668688,4.524711136,4.344246667,95.57342667,1060.935106,0.007299285,0.001224722,298.7817986,0.414296656,-0.122203145,0.536499801,1.366881312,-0.403182582,1.770063894,4.390229086,726861.1946,0.03134951,7.23E-06,5.255394051,0.167638796,5.158466835
204,Montipora capitata,13,10,Non-bleach,9/16/19,1509,4076,0.63,4,3,1,2/24/20,19,24.2801365,0.061222222,2.521494153,1413588.761,26858186.46,0.199706585,3.794425115,0.175246351,3.329680669,9.83858,186.93302,1462.048149,0.019520242,0.000380225,267.5485659,0.945836719,-0.328480793,1.274317512,2.337309888,-0.811727215,3.149037103,3.879427775,1106179.385,0.049265176,6.96E-06,7.699010259,0.156276927,8.342816502
209,Montipora capitata,13,11,Bleach,9/16/19,1247,2965,0.579,3.5,2,5,3/10/20,21.5,17.44455744,0.0645,3.697428279,257978.8622,5546545.537,0.238726952,5.132629468,0.186077836,4.000673474,6.00824,129.17716,65.9080056,0.004501712,0.000885533,464.5073521,0.401500272,-0.109768378,0.511268649,1.380947404,-0.377544841,1.758492245,4.657704324,317952.7802,0.025167833,2.33E-05,7.405012162,0.294225261,0.354195895
210,Montipora capitata,13,11,Non-bleach,9/16/19,1253,3853,0.675,5,3,2,3/3/20,20.5,14.40031256,0.063777778,4.428916214,401066.5511,8221864.298,0.076631889,1.570953725,0.072851118,1.493447919,11.2058,229.7189,365.2400503,0.00668766,0.000744095,371.6325226,0.48952082,-0.114419706,0.603940525,2.039625811,-0.476738425,2.516364236,5.278291181,570950.4057,0.146228941,2.79E-05,15.95235513,0.109091641,5.013513318
211,Montipora capitata,13,12,Bleach,9/16/19,649,1364,0.524,3,1,5,9/19/20,14,14.42245186,0.046666667,3.235695783,179919.6085,2518874.519,0.288182661,4.034557254,0.318568164,4.459954296,1.00126,14.01764,2289.650314,0.004151913,0.002379763,269.2972444,0.238443366,-0.035490823,0.273934189,0.991967391,-0.147648223,1.139615614,7.718451327,174649.5356,0.003474394,5.57E-06,0.971931828,0.279741426,7.18731679
212,Montipora capitata,13,12,Non-bleach,9/16/19,1230,3507,0.649,3.5,3,1,3/9/20,25,20.97126146,0.036111111,1.721933188,324514.5339,8112863.348,0.183422304,4.5855576,0.168712148,4.2178037,8.52514,213.1285,1392.729979,0.007684561,0.000702549,361.951811,0.535262233,-0.144800035,0.680062269,1.531416412,-0.414281332,1.945697744,4.69656149,386856.2396,0.046478208,2.63E-05,10.16288412,0.218659121,8.255066369
217,Montipora capitata,13,13,Bleach,9/16/19,1422,4092,0.652,2.5,2,3,9/10/20,23,12.59706626,0.040888889,3.245905677,440687.8155,10135819.76,0.15947489,3.66792247,0.018328905,0.421564815,2.490525,57.282075,1029.111917,0.004107805,0.000966274,439.9810524,0.374220138,-0.06948585,0.443705988,1.782415669,-0.330962061,2.113377729,6.385558904,804617.484,0.015617035,5.65E-06,4.547255196,0.291172754,56.14693933
218,Montipora capitata,13,13,Non-bleach,9/16/19,999,2930,0.659,2,3,1,2/24/20,25,22.29870274,0.088888889,3.986280723,785605.6646,19640141.62,0.234915574,5.87288935,0.157114708,3.9278677,5.616726667,140.4181667,1223.750048,0.005882704,0.000929328,369.9911085,0.433632235,-0.101798616,0.535430851,1.166791377,-0.273913556,1.440704934,5.259706584,880775.0769,0.023909554,7.15E-06,6.2971451,0.263373588,7.788895537
219,Montipora capitata,13,14,Bleach,9/16/19,1080,2608,0.586,2,2,4,9/10/20,24,14.20979074,0.048,3.37795263,71689.07354,1720537.765,0.223854342,5.372504208,0.020781887,0.498765288,0.335966667,8.063200008,1567.874901,0.001880268,0.002514315,474.7849216,0.18641127,-0.033198562,0.219609832,0.787110548,-0.140178964,0.927289513,6.615040508,121081.1473,0.001500827,4.69E-06,0.567439743,0.378084682,75.44429921
220,Montipora capitata,13,14,Non-bleach,9/16/19,1235,3564,0.653,2.9,3,1,3/9/20,27.5,18.846,0.064166667,3.404789699,512684.5624,14098825.47,0.119697324,3.29167641,0.140692048,3.86903132,5.02938,138.30795,1639.659067,0.007365146,0.000674777,349.5370215,0.503732801,-0.127250481,0.630983282,1.603733847,-0.405127287,2.008861134,4.958592515,748107.0503,0.042017481,9.81E-06,7.338849093,0.174661807,11.65424123
221,Montipora capitata,13,15,Bleach,9/16/19,1211,3486,0.653,3.75,1,4,3/3/20,23,18.81585506,0.063888889,3.39548156,514315.5162,11829256.87,0.170078306,3.911801038,0.097443463,2.241199649,4.013786667,92.31709334,813.2543796,0.015317024,0.000864158,234.2119845,0.625334205,-0.250895716,0.876229921,1.994065758,-0.800056278,2.794122036,3.492406864,628685.5863,0.023599639,7.80E-06,4.906345901,0.207899191,8.345910075
222,Montipora capitata,13,15,Non-bleach,9/16/19,1249,3611,0.654,3.8,3,3,2/18/20,20,10.95957586,0.044444444,4.055306976,807420.2279,16148404.56,0.108695197,2.17390394,0.037225635,0.7445127,3.03672,60.7344,69.97925,0.012714437,0.001105545,273.8106488,0.69050449,-0.159640751,0.850145241,3.78028036,-0.873979542,4.654259902,5.325364832,1473451.598,0.027937941,3.76E-06,5.541674311,0.198356576,1.879867194
229,Porites compressa,13,16,Bleach,9/16/19,987,2261,0.563,2,2,3,9/19/20,16,8.25326434,0.062222222,7.539104488,447297.6682,7156762.691,0.201483218,3.223731488,0.076040139,1.216642224,8.461806667,135.3889067,1050.285192,0.006867008,0.000793247,350.9939134,0.486028632,-0.106899759,0.592928391,3.533355617,-0.777145292,4.310500909,5.546583045,867143.2776,0.041997576,1.89E-05,16.40428576,0.39060078,13.81224713
230,Porites compressa,13,16,Non-bleach,9/16/19,2112,4092,0.484,5,2,2,10/7/20,22.5,14.51982914,0.0575,3.960101696,834079.4369,18766787.33,0.163507713,3.678923543,0.101054609,2.273728703,9.020686667,202.96545,3610.546413,0.006028043,0.000505448,453.8431874,0.547420389,-0.11737567,0.664796059,2.262094341,-0.485029136,2.747123477,5.66383186,1292493.675,0.055169793,1.08E-05,13.97850126,0.253372372,35.72866639
237,Porites compressa,13,17,Bleach,9/16/19,1840,4092,0.55,4.5,2,2,2/24/20,18,17.73105816,0.064,3.609485651,1585206.935,28533724.83,0.288595519,5.194719342,0.124020895,2.23237611,25.14719333,452.6494799,3773.416669,0.006649509,0.000461145,513.1321791,0.627380009,-0.203460751,0.83084076,2.122986694,-0.688489369,2.811476064,4.083543169,1609251.099,0.087136465,1.59E-05,25.52862191,0.292972889,30.42565262
238,Porites compressa,13,17,Non-bleach,9/16/19,1601,4082,0.608,3,3,1,10/7/20,18,10.39811874,0.048,4.616219645,854876.5739,15387778.33,0.19665913,3.53986434,0.104288483,1.877192694,9.45326,170.15868,990.7958945,0.006104647,0.000306744,649.8405878,0.726076082,-0.24585053,0.971926612,4.189658344,-1.418625055,5.608283399,3.953323233,1479861.763,0.048069266,1.11E-05,16.3643717,0.340433152,9.500530317
239,Porites compressa,13,18,Bleach,9/16/19,1971,4092,0.518,3.5,2,2,2/10/20,19,8.120054,0.082333333,10.13950564,50419.81898,957976.5606,0.129526397,2.461001543,0.031912261,0.606332959,18.71644667,355.6124867,364.228859,0.005791099,0.000930973,377.342324,0.415175688,-0.119112253,0.534287942,3.067780251,-0.880133949,3.947914201,4.485583379,117976.6244,0.144499091,0.000371212,43.79434998,0.303076992,11.41344573
240,Porites compressa,13,18,Non-bleach,9/16/19,1522,3773,0.597,3,3,1,10/7/20,22,19.71764546,0.044,2.231503761,894731.5364,19684093.8,0.204866397,4.507060734,0.143813585,3.16389887,11.1994,246.3868,5432.098914,0.008668828,0.000688538,367.6357037,0.571230918,-0.209576899,0.780807817,1.738232648,-0.637734053,2.375966701,3.725638756,998298.3942,0.054666847,1.25E-05,12.49575161,0.228580068,37.77180656
243,Porites compressa,13,19,Bleach,9/16/19,1835,4092,0.552,3.5,2,2,3/3/10,25,14.877854,0.030555556,2.053760949,506409.2265,12660230.66,0.116767503,2.919187575,0.06325594,1.5813985,6.172506667,154.3126667,1057.832324,0.005380116,0.000606402,498.2929539,0.505336758,-0.150136909,0.655473667,2.037942132,-0.605478083,2.643420215,4.365839631,850944.6766,0.052861511,1.22E-05,10.37197076,0.196210258,16.72305121
244,Porites compressa,13,19,Non-bleach,9/16/19,1853,4092,0.547,7.5,3,1,2/18/20,25,33.93362584,0.108333333,3.192506862,952164.5215,23804113.04,0.18535978,4.6339945,0.065909646,1.64774115,12.88525333,322.1313333,326.08923,0.017437626,0.002374602,280.0679575,0.908946535,-0.265588196,1.174534731,1.607160767,-0.4696018,2.076762566,4.422390557,701490.4081,0.069514829,1.35E-05,9.492983002,0.136560547,4.947519063
247,Porites compressa,13,20,Bleach,9/16/19,1865,4092,0.544,3,3,2,2/11/20,17.5,13.47220626,0.042777778,3.175261494,583783.3578,10216208.76,0.168142918,2.942501065,0.149542403,2.616992055,10.38826667,181.7946667,348.8928556,0.005027016,0.000503493,543.778362,0.530402517,-0.139325202,0.669727719,2.362207824,-0.620500602,2.982708426,4.806938797,758317.425,0.061782362,1.78E-05,13.4940531,0.218412709,2.33306974
248,Porites compressa,13,20,Non-bleach,9/16/19,1539,3936,0.609,3,3,1,9/19/20,19,10.40718914,0.044333333,4.259875816,635208.0192,12068952.36,0.271808728,5.164365832,0.125649113,2.387333147,10.39149333,197.4383733,698.0805688,0.004230417,0.000595489,575.8654504,0.469633431,-0.127223562,0.596856993,2.707552006,-0.733475066,3.441027071,4.691402942,1159674.548,0.038230904,1.64E-05,18.97134477,0.496230612,5.555793846
3,Montipora capitata,13,1,Bleach,10/2/19,1973,4067,0.515,5.5,1,4,3/10/20,22.5,29.16788066,0.0375,1.285660773,893577.3824,20105491.1,0.156622432,3.52400472,0.125497232,2.82368772,11.08448667,249.4009501,1392.729979,0.005123892,0.00088225,360.3699293,0.378063294,-0.069712131,0.447775425,0.777697834,-0.143401845,0.921099679,6.423206657,689302.4328,0.070772025,1.24E-05,8.550533822,0.12081799,11.0976948
4,Montipora capitata,13,1,Non-bleach,10/2/19,1495,4067,0.632,8,3,2,3/9/20,28,40.7322285,0.065333333,1.603971492,853769.425,23905543.9,0.228951844,6.410651632,0.31998919,8.95969732,5.246206667,146.8937867,5545.311814,0.00662346,0.00046014,410.726305,0.506592818,-0.146310202,0.65290302,0.746228974,-0.215520055,0.961749029,4.462457236,586895.0652,0.022914018,6.14E-06,3.606328259,0.157385242,17.32968484
11,Montipora capitata,13,2,Bleach,10/2/19,1270,3774,0.663,4.5,2,3,9/19/20,20,21.8308,0.033333333,1.526894724,399840.1852,7996803.704,0.213283719,4.26567438,0.22866728,4.5733456,4.304566667,86.09133334,1749.184813,0.00236853,0.001236692,564.7701376,0.291290741,-0.034433125,0.325723866,0.800586532,-0.094636362,0.895222894,9.459608073,366308.3215,0.02018235,1.08E-05,3.943572079,0.195397071,7.649475749
12,Montipora capitata,13,2,Non-bleach,10/2/19,1346,3787,0.645,4,3,1,9/19/20,22,26.36967616,0.088,3.337166504,1094120.219,24070644.82,0.297558908,6.546295976,0.253245111,5.571392442,5.055773333,111.2270133,2791.375996,0.001607624,0.001249584,798.5463579,0.2887986,-0.024439399,0.313237999,0.657115236,-0.055607962,0.712723198,12.81692717,912815.3366,0.016990832,4.62E-06,4.217989354,0.248250905,11.02242797
19,Montipora capitata,13,3,Bleach,10/2/19,1738,4067,0.573,8,2,3,2/18/20,19,23.86852024,0.046444444,1.945845154,207111.5161,3935118.806,0.173692032,3.300148608,0.087957538,1.671193222,7.902006667,150.1381267,75.098983,0.003490513,0.00079246,519.1872266,0.375925998,-0.059009145,0.434935143,0.944991967,-0.148335493,1.09332746,7.370639651,164866.4754,0.045494353,3.82E-05,6.290215111,0.138263645,0.853809517
20,Montipora capitata,13,3,Non-bleach,10/2/19,2019,4067,0.504,5,3,1,9/10/20,25,23.54756114,0.069444444,2.949114094,1302260.34,32556508.5,0.135843961,3.396099025,0.02981507,0.74537675,3.763066667,94.07666668,783.4039869,0.004437469,0.00092405,381.0593591,0.356938451,-0.053959749,0.4108982,0.909491515,-0.137491305,1.04698282,7.614902,1382585.156,0.027701391,2.89E-06,3.995176661,0.144222962,26.27543678
26,Porites compressa,13,4,Non-bleach,10/2/19,2210,4067,0.457,3,3,1,9/19/20,25,11.63629186,0.058333333,5.013051755,597357.7726,14933944.32,0.17232592,4.308148,0.20350763,5.08769075,15.94288667,398.5721668,660.8615841,0.002406645,0.000823721,665.1270503,0.343989882,-0.048187667,0.392177549,1.773708769,-0.248469192,2.022177961,8.138546078,1283393.756,0.092515895,2.67E-05,34.25250686,0.370233752,3.247355316
27,Porites compressa,13,4,Bleach,10/2/19,2272,4067,0.441,4,2,2,9/10/20,19,12.54781464,0.046444444,3.701397078,310115.3207,5892191.093,0.269600164,5.122403116,0.027977625,0.531574875,6.152475,116.897025,918.6536694,0.002820319,0.001190259,528.6347314,0.321745697,-0.042038436,0.363784133,1.538494342,-0.201015572,1.739509914,8.65360768,469579.0671,0.022820739,1.98E-05,9.316126222,0.408230697,32.83529854
35,Porites compressa,13,5,Bleach,10/2/19,2163,4067,0.468,4,2,1,2/18/20,30,17.49668736,0.136666667,7.811002383,788882.5017,23666475.05,0.183521749,5.50565247,0.052295918,1.56887754,6.5301,195.903,401.0489914,0.002133781,0.001522196,562.5766506,0.270704228,-0.022197122,0.29290135,0.928304504,-0.076118826,1.00442333,13.19546518,1352626.046,0.035582159,8.28E-06,11.19657658,0.314668277,7.668839304
36,Porites compressa,13,5,Non-bleach,10/2/19,2241,4067,0.449,4,3,1,3/9/20,21,16.503264,0.037333333,2.262178763,235362.7832,4942618.447,0.154241355,3.239068455,0.222402667,4.670456007,20.37792667,427.9364601,685.5756007,0.002792458,0.000877115,569.2221548,0.345715487,-0.042129579,0.387845066,1.25689859,-0.153168169,1.410066759,9.206003819,299493.3879,0.13211714,8.66E-05,25.93041353,0.196268354,3.082587138
41,Porites compressa,13,6,Bleach,10/2/19,2442,4067,0.4,3.5,2,2,3/3/20,19,8.7393125,0.059111111,6.763817075,303831.7829,5772803.875,0.125946836,2.392989884,0.080019825,1.520376675,13.52966,257.06354,1246.361479,0.001949132,0.001208379,674.1709402,0.296543692,-0.024741082,0.321284773,2.0359292,-0.169860604,2.205789804,12.98588209,660555.8361,0.10742358,4.45E-05,29.41461814,0.273819009,15.57565864
42,Porites compressa,13,6,Non-bleach,10/2/19,2362,4067,0.419,6,3,1,9/19/20,22.5,25.65192066,0.055,2.144088964,1232043.319,27720974.68,0.260382455,5.858605238,0.239578807,5.390523158,19.24588667,433.0324501,1134.659941,0.004060222,0.000618374,447.1434459,0.390332755,-0.049018645,0.439351401,0.912990713,-0.114654913,1.027645625,8.962944614,1080658.834,0.073913915,1.56E-05,16.88109268,0.228388561,4.736061403
43,Porites compressa,13,7,Bleach,10/2/19,1902,4067,0.532,6,3,1,2/24/20,20,23.20079544,0.075555556,3.256593325,1236935.795,24738715.9,0.294330398,5.88660796,0.145792387,2.91584774,22.01335333,440.2670666,3075.427711,0.002679486,0.000514266,805.059514,0.424297564,-0.097731694,0.522029259,1.097283665,-0.252745716,1.350029382,5.341453096,1066287.402,0.074791301,1.78E-05,18.9763781,0.253724402,21.09456999
44,Porites compressa,13,7,Non-bleach,10/2/19,2044,4067,0.497,4.5,1,5,3/2/20,11,17.60523586,0.139333333,7.914312222,167222.9495,1839452.445,0.176153706,1.937690766,0.217569185,2.393261038,5.30974,58.40714,694.2298516,0.001539977,0.001399936,846.4560178,0.275450532,-0.04195727,0.317407802,0.938756631,-0.142993607,1.081750239,7.565025144,104483.2605,0.030142653,3.18E-05,3.31760054,0.110063323,3.1908464
45,Porites compressa,13,8,Bleach,10/2/19,1894,4067,0.534,9.5,2,2,2/18/20,29,27.42115,0.048333333,1.762629698,1621377.82,47019956.78,0.285166157,8.269818553,0.077641825,2.251612925,21.43363333,621.5753666,421.09824,0.006841823,0.000925334,371.426687,0.475887298,-0.130197405,0.606084703,1.041285208,-0.284883905,1.326169112,4.655121226,1714733.218,0.075161911,1.32E-05,22.66773518,0.301585402,5.423600489
46,Porites compressa,13,8,Non-bleach,10/2/19,2195,4067,0.46,8,3,1,9/19/20,28,32.46885266,0.074666667,2.299639826,773656.9312,21662394.07,0.294439204,8.244297712,0.234120653,6.555378284,13.96991333,391.1575732,2313.974465,0.004688921,0.00072136,486.287741,0.425969884,-0.121269668,0.547239552,0.787160338,-0.224097235,1.011257573,4.512583908,667174.6088,0.047445833,1.81E-05,12.04716339,0.253914045,9.883683628
201,Montipora capitata,13,9,Bleach,10/2/19,1944,4067,0.522,6.5,1,4,10/7/20,30,36.16899096,0.106666667,2.949119227,266751.7478,8002552.434,0.155139272,4.65417816,0.146989187,4.40967561,2.502466667,75.07400001,1675.92105,0.002156121,0.001598341,539.3340865,0.264366096,-0.0164669,0.280832996,0.438551515,-0.027316604,0.465868119,17.05439366,221254.5117,0.016130453,9.38E-06,2.075645408,0.128678684,11.40166215
202,Montipora capitata,13,9,Non-bleach,10/2/19,1691,4067,0.584,6,3,1,3/10/20,24,22.60141666,0.042666667,1.887787271,850576.9216,20413846.12,0.105620373,2.534888952,0.134836302,3.236071248,8.693993333,208.65584,1157.884272,0.003832104,0.000929764,429.4703615,0.34313967,-0.055137901,0.398277572,0.910933174,-0.146374634,1.057307808,7.22329947,903210.9105,0.082313602,1.02E-05,9.231980594,0.112156198,8.587333343
203,Montipora capitata,13,10,Bleach,10/2/19,2103,4067,0.483,2,2,3,10/7/20,23,11.04092434,0.035777778,3.240469428,414464.9446,9532693.726,0.122288906,2.812644838,0.090243465,2.075599695,3.19912,73.57976,1060.935106,0.001945595,0.001455634,621.1598313,0.274747731,-0.022549533,0.297297264,1.493069181,-0.122541548,1.615610729,13.18418717,863396.3455,0.026160345,7.72E-06,6.664275357,0.254747225,11.75636492
204,Montipora capitata,13,10,Non-bleach,10/2/19,1689,4067,0.585,8.5,3,1,9/19/20,30,52.54299074,0.136666667,2.601044682,1131784.116,33953523.48,0.25464156,7.6392468,0.40414598,12.1243794,8.868833333,266.065,2330.10449,0.007385603,0.00055292,385.9515395,0.555781073,-0.126910048,0.682691121,0.634658665,-0.144921383,0.779580048,5.379330723,646204.6222,0.034828695,7.84E-06,5.063758196,0.145390407,5.765502084
209,Montipora capitata,13,11,Bleach,10/2/19,1832,4067,0.55,5.5,1,4,3/2/20,22.5,26.60675,0.045,1.69130014,391342.2675,8805201.019,0.195135728,4.39055388,0.168142918,3.783215662,2.677666667,60.24750001,42.6649164,0.002645467,0.001238992,500.6775242,0.293722725,-0.027474798,0.321197523,0.662364382,-0.061957506,0.724321887,11.69062368,330938.6159,0.013722073,6.84E-06,2.264369004,0.165016542,0.253741976
210,Montipora capitata,13,11,Non-bleach,10/2/19,1055,2881,0.634,6.5,3,2,10/7/20,35,28.73833344,0.097222222,3.383015317,660686.2665,23124019.33,0.102344685,3.582063975,0.12680323,4.43811305,8.732286667,305.6300333,1358.440794,0.003827872,0.00075028,470.4716417,0.376180214,-0.058738397,0.434918612,0.785390458,-0.122634245,0.908024703,7.404332322,804640.2335,0.085322327,1.32E-05,10.63492544,0.124644109,10.71298258
211,Montipora capitata,13,12,Bleach,10/2/19,487,986,0.506,5.5,1,5,9/19/20,14.5,23.35547986,0.048333333,2.069464367,117835.7886,1708618.935,0.318005704,4.611082708,0.447006289,6.481591191,0.0512,0.7424,3100.448185,0.001874258,0.003058544,305.0560942,0.124666809,-0.013983494,0.138650303,0.320267816,-0.035923459,0.356191275,9.915283105,73157.0897,0.000161003,4.35E-07,0.031786973,0.197430442,6.936028108
212,Montipora capitata,13,12,Non-bleach,10/2/19,1912,4067,0.53,8.5,3,1,2/10/20,25,43.42186176,0.019444444,0.447803103,1237565.49,30939137.25,0.225994378,5.64985945,0.140328365,3.508209125,4.977386667,124.4346667,100.984298,0.00552278,0.000473737,425.2876484,0.482113337,-0.080417106,0.562530444,0.666180561,-0.111119749,0.77730031,6.995158988,712524.4288,0.022024383,4.02E-06,2.86571468,0.130115551,0.719628551
217,Montipora capitata,13,13,Bleach,10/2/19,1693,4067,0.584,4,3,3,3/3/20,23.5,24.00585634,0.067888889,2.828013628,222693.4937,5233297.102,0.143451954,3.371120919,0.107672621,2.530306594,7.019426667,164.9565267,1749.184813,0.002970735,0.000899867,557.7098126,0.353370836,-0.05089033,0.404261167,0.883211574,-0.127194789,1.010406363,7.943771753,218000.8506,0.048932249,3.15E-05,6.871511866,0.140429105,16.24540014
218,Montipora capitata,13,13,Non-bleach,10/2/19,1723,4067,0.576,4,3,2,3/10/20,25,25.45029056,0.033333333,1.309742742,538078.1612,13451954.03,0.185345841,4.633646025,0.142749032,3.5687258,6.888413333,172.2103333,2130.299607,0.005183751,0.001134754,360.2178534,0.372609742,-0.083006495,0.455616237,0.878441228,-0.195690878,1.074132106,5.488922723,528557.9745,0.03716519,1.28E-05,6.766537022,0.182066527,14.92339091
219,Montipora capitata,13,14,Bleach,10/2/19,466,1053,0.557,4,1,4,3/9/20,22.5,19.99142466,0.025,1.250536189,595282.5767,13393857.98,0.199811723,4.495763768,0.247947694,5.578823115,0.657386667,14.79120001,997.5353271,0.001625205,0.002724469,432.4485163,0.156225502,-0.015261966,0.171487468,0.468877545,-0.045805538,0.514683083,11.23626324,669980.1644,0.003290031,1.10E-06,0.739877235,0.224884612,4.023168399
220,Montipora capitata,13,14,Non-bleach,10/2/19,1667,4067,0.59,7,3,1,2/10/20,30,36.3849765,0.086666667,2.381935486,904060.6921,27121820.76,0.255801356,7.67404068,0.155867795,4.67603385,4.433073333,132.9922,99.9842,0.006026939,0.001124261,355.1172632,0.407733515,-0.108071575,0.51580509,0.672365719,-0.178213514,0.850579233,4.772809978,745412.6227,0.01733014,4.90E-06,3.655140467,0.210912344,0.641467983
221,Montipora capitata,13,15,Bleach,10/2/19,1398,3196,0.563,7.5,1,3,10/7/20,30.5,50.85862226,0.081333333,1.599204416,251550.5708,7672292.409,0.278158932,8.483847426,0.218821803,6.674064992,3.168273333,96.63233666,2091.07843,0.003222294,0.001077911,532.078536,0.329409814,-0.082930677,0.41234049,0.388618251,-0.097836717,0.486454967,4.972110491,150855.2939,0.011390155,1.26E-05,1.900018765,0.166812372,9.55607897
222,Montipora capitata,13,15,Non-bleach,10/2/19,1869,4067,0.54,3.5,3,1,3/3/20,25,21.73788696,0.047222222,2.17234648,1240102.563,31002564.08,0.114262857,2.856571425,0.105316439,2.632910975,10.69922,267.4805,1427.265765,0.004318077,0.001204886,395.8175757,0.341781997,-0.076110256,0.417892253,0.943372273,-0.210076323,1.153448596,5.490616832,1426199.526,0.093636902,8.63E-06,12.30480683,0.131409802,13.55216506
229,Porites compressa,13,16,Bleach,10/2/19,1284,3186,0.597,4,2,3,2/24/20,21,16.153216,0.044333333,2.744551508,989049.6248,20770042.12,0.220338669,4.627112049,0.107060166,2.248263486,17.81740667,374.1655401,968.8942974,0.002903823,0.000881149,558.2982606,0.344762859,-0.050809778,0.395572637,1.280597716,-0.188729395,1.469327111,7.785364394,1285814.671,0.08086373,1.80E-05,23.16353227,0.286451444,9.049998086
230,Porites compressa,13,16,Non-bleach,10/2/19,2696,4067,0.337,6,2,2,2/18/20,25,24.47099234,0.055555556,2.270261654,1318753.761,32968844.03,0.206685856,5.1671464,0.074501509,1.862537725,15.69222,392.3055,398.028985,0.006118606,0.000636082,399.7630305,0.484371829,-0.107558351,0.591930179,1.187622852,-0.263720447,1.4513433,5.503340029,1347262.243,0.075923047,1.19E-05,16.0314504,0.211153938,5.342562726
237,Porites compressa,13,17,Bleach,10/2/19,2137,4067,0.475,3.5,2,2,2/24/20,17.5,11.73981624,0.036944444,3.146935496,1131134.719,19794857.58,0.165921768,2.90363094,0.119437849,2.090162358,20.39303333,356.8780833,2457.930047,0.002454513,0.000866939,674.4507583,0.349989936,-0.054767138,0.404757074,1.788732952,-0.279904574,2.068637526,7.39050988,1686130.104,0.122907522,1.80E-05,30.39894969,0.24733189,20.57915533
238,Porites compressa,13,17,Non-bleach,10/2/19,2076,4067,0.49,5,3,1,10/7/20,32,17.57919106,0.074666667,4.247446109,794081.5862,25410610.76,0.222086992,7.106783744,0.121462,3.886784,9.785433333,313.1338667,801.6713478,0.004126331,0.000662678,510.7882603,0.433858455,-0.078308133,0.512166588,1.480813721,-0.267275551,1.748089271,6.540400962,1445493.747,0.044061263,1.23E-05,17.81275746,0.404272513,6.600182343
239,Porites compressa,13,18,Bleach,10/2/19,1400,3361,0.583,3,2,2,3/2/20,22.5,9.00012056,0.0725,8.055447648,517267.8518,11638526.67,0.153896761,3.462677123,0.155139272,3.49063362,8.2799,186.29775,387.959225,0.001692272,0.000986876,846.9499218,0.319627736,-0.031523325,0.351151061,2.130823033,-0.210152684,2.340975717,11.13940426,1293152.308,0.053801652,1.60E-05,20.69947272,0.384736749,2.500715776
240,Porites compressa,13,18,Non-bleach,10/2/19,2435,4067,0.401,3,3,1,3/2/20,22,17.00946944,0.053777778,3.161637579,745426.5049,16399383.11,0.189217131,4.162776882,0.064561044,1.420342968,20.76946667,456.9282667,6008.027397,0.003519649,0.0007649,505.3950917,0.377517762,-0.058291503,0.435809266,1.331673854,-0.205620182,1.537294037,7.476377224,964132.5479,0.109765255,2.79E-05,26.86316985,0.244732906,93.05963821
243,Porites compressa,13,19,Bleach,10/2/19,2108,4067,0.482,5,2,4,3/9/20,17.5,20.58860306,0.027222222,1.322198604,638517.7155,11174060.02,0.243135822,4.254876885,0.131961318,2.309323065,14.56793333,254.9388333,2424.339629,0.002283015,0.000634493,828.6152027,0.378032128,-0.08166092,0.459693048,1.101673951,-0.237979001,1.339652952,5.629290575,542730.3634,0.059916853,2.28E-05,12.38252214,0.206661757,18.37159302
244,Porites compressa,13,19,Non-bleach,10/2/19,2060,4067,0.493,7.5,3,1,10/7/20,32,27.299296,0.074666667,2.735113267,947799.7559,30329592.19,0.251654998,8.052959936,0.16385192,5.24326144,12.11697333,387.7431466,2617.619869,0.003285409,0.000694554,549.8158905,0.371465522,-0.062966482,0.434432003,0.816428793,-0.13839144,0.954820234,6.8994168,1111002.723,0.048149146,1.28E-05,14.20341193,0.294987824,15.97552149
247,Porites compressa,13,20,Bleach,10/2/19,2030,4067,0.501,4,3,1,2/11/20,27.5,15.81556946,0.067222222,4.250382662,41567.89375,1143117.078,0.167525466,4.606950315,0.15078739,4.146653221,10.01531333,275.4211166,417.6237666,0.003005388,0.000660801,626.6545351,0.395972962,-0.063562002,0.459534965,1.502214499,-0.241137074,1.743351573,7.229711928,72277.95881,0.059783826,0.000240939,17.41455578,0.291292092,2.769619973
248,Porites compressa,13,20,Non-bleach,10/2/19,2059,4067,0.494,4,3,1,10/7/20,35,26.47600056,0.062222222,2.350136762,894361.5697,31302654.94,0.173692032,6.07922112,0.123599949,4.325998215,8.887673333,311.0685667,781.7672075,0.003049438,0.000737292,581.7835359,0.378267752,-0.054615776,0.432883529,0.857231631,-0.123770453,0.981002084,7.92597966,1182303.002,0.051169148,9.94E-06,11.7490769,0.229612517,6.324980017
3,Montipora capitata,13,1,Bleach,10/16/19,1086,3477,0.688,2,2,3,3/2/20,14.5,15.32758016,0.040277778,2.627797562,492234.5379,7137400.8,0.165071976,2.393543652,0.081411533,1.180467229,9.44978,137.02181,721.4842649,0.003927144,0.001208181,341.6942063,0.294419519,-0.03568354,0.330103059,1.152508807,-0.139683653,1.29219246,9.250849509,465657.3788,0.057246422,1.92E-05,8.939559185,0.156159265,8.862187432
4,Montipora capitata,13,1,Non-bleach,10/16/19,1160,3552,0.673,4,3,1,2/24/20,15,23.45990336,0.061666667,2.628598495,2417111.812,36256677.18,0.182008222,2.73012333,0.221722175,3.325832625,8.626026667,129.3904,1539.0866,0.008926679,0.000720258,257.6408936,0.429510516,-0.131659607,0.561170123,1.098496893,-0.336726726,1.435223619,4.262280097,1545474.277,0.04739361,3.57E-06,5.515385039,0.116374023,6.941509572
11,Montipora capitata,13,2,Bleach,10/16/19,891,2569,0.653,2,2,2,9/19/20,22.5,15.406814,0.04,2.596253839,214720.8295,4831218.664,0.150167679,3.378772778,0.2361669,5.31375525,3.587433333,80.71724999,557.6820735,0.007491506,0.000698337,317.7448405,0.447187083,-0.138388212,0.585575295,1.741516772,-0.538936391,2.280453163,4.231395772,313576.7501,0.023889517,1.67E-05,5.239061755,0.219303795,2.361389651
12,Montipora capitata,13,2,Non-bleach,10/16/19,974,2679,0.636,5,3,2,10/16/20,24,26.65574936,0.058666667,2.200901047,874514.2289,20988341.49,0.172112671,4.130704104,0.029030187,0.696724488,4.785825,114.8598,1340.841676,0.008631376,0.001180178,274.0541061,0.480705892,-0.094101868,0.57480776,1.08203124,-0.21181592,1.29384716,6.108356539,787385.1606,0.027806349,5.47E-06,4.309006603,0.154964846,46.1878415
19,Montipora capitata,13,3,Bleach,10/16/19,826,2434,0.661,4,2,3,3/9/20,17,19.22875874,0.028333333,1.47348738,583825.4729,9925033.039,0.219207603,3.726529251,0.13699337,2.32888729,6.522113333,110.8759267,848.6288275,0.008363096,0.000695146,304.8293606,0.499529709,-0.122503689,0.622033398,1.558695646,-0.382251474,1.94094712,5.077670751,516155.6798,0.029753135,1.12E-05,5.766151014,0.193799782,6.19467079
20,Montipora capitata,13,3,Non-bleach,10/16/19,1556,4067,0.617,3,3,1,10/7/20,22.5,15.61351906,0.0425,2.722000072,1184747.243,26656812.97,0.143931208,3.23845218,0.149103827,3.354836108,7.8152,175.842,482.6475315,0.005475278,0.001483482,278.0726759,0.329213975,-0.043804701,0.373018675,1.265111242,-0.168333738,1.43344498,8.515494155,1707290.513,0.054298162,6.60E-06,11.26216321,0.207413343,3.23698956
26,Porites compressa,13,4,Non-bleach,10/16/19,1821,4067,0.552,7,3,1,2/10/20,26,26.8108,0.063555556,2.370520669,766678.7816,19933648.32,0.268776345,6.98818497,0.069896582,1.817311132,24.5151,637.3926,350.048223,0.008596895,0.000455364,392.3359162,0.730914015,-0.081947818,0.812861833,1.635715491,-0.18339136,1.819106852,9.919261474,743493.2311,0.091210036,3.20E-05,23.77372551,0.260648133,5.008087849
27,Porites compressa,13,4,Bleach,10/16/19,1791,4067,0.56,3,3,1,10/7/20,25,9.1398,0.055555556,6.078421361,137246.9,3431172.5,0.136774,3.41935,0.08739,2.18475,8.1363,203.4075,341.95882,0.00427043,0.000626765,458.5915667,0.410720048,-0.069083832,0.47980388,2.696251874,-0.453514292,3.149766166,6.945241254,375410.0199,0.059487183,5.93E-05,22.25513687,0.374116501,3.913020025
35,Porites compressa,13,5,Bleach,10/16/19,1566,4067,0.615,3,2,2,2/10/20,27.5,9.27879906,0.073333333,7.903321632,137750.1135,3788128.122,0.181068564,4.97938551,0.055004657,1.512628068,8.95674,246.31035,346.028567,0.009924482,0.000734648,256.5926192,0.536218785,-0.087685678,0.623904464,3.46738052,-0.567006643,4.034387163,7.115237956,408256.2945,0.049466013,6.50E-05,26.54549887,0.536641162,6.290895822
36,Porites compressa,13,5,Non-bleach,10/16/19,1421,3238,0.561,4,3,1,9/19/20,25,15.34519104,0.058333333,3.801408088,941258.0686,23531451.72,0.214590316,5.3647579,0.173045897,4.326147425,16.74664667,418.6661668,4503.213361,0.008329453,0.000944247,309.9434537,0.53399246,-0.095932441,0.629924901,2.087921063,-0.375097739,2.463018802,6.566338708,1533474.015,0.078040086,1.78E-05,27.28321633,0.349605156,26.02323106
41,Porites compressa,13,6,Bleach,10/16/19,1672,4067,0.589,6,3,1,3/3/20,27.5,18.90627224,0.064166667,3.393935402,271445.5377,7464752.287,0.16509029,4.539982975,0.131089468,3.60496037,9.827186667,270.2476333,5314.747811,0.004514922,0.000980291,404.1224187,0.364232281,-0.077316369,0.44154865,1.15590935,-0.245367362,1.401276712,5.7109336,394829.4086,0.059526134,3.62E-05,14.29407288,0.240131048,40.54290472
42,Porites compressa,13,6,Non-bleach,10/16/19,1860,4067,0.543,4,3,1,3/2/20,25,13.18249216,0.061111111,4.635778301,330636.9996,8265924.99,0.238084087,5.952102175,0.087038041,2.175951025,15.99738667,399.9346668,3897.242123,0.010078925,0.000738549,210.1606312,0.390117193,-0.126721958,0.516839151,1.775615056,-0.576773905,2.352388961,4.078528766,627038.1116,0.067192171,4.84E-05,30.3383201,0.4515157,44.7763079
43,Porites compressa,13,7,Bleach,10/16/19,1676,4067,0.588,3,3,1,9/19/20,17.5,10.05308786,0.035,3.481517369,748716.1359,13102532.38,0.234079614,4.096393245,0.189273327,3.312283223,12.51504,219.0132,5394.196143,0.004133598,0.000610147,473.4859643,0.419095871,-0.060418284,0.479514156,2.501296381,-0.360595382,2.861891763,7.936573577,1303334.116,0.053464887,1.67E-05,21.78566457,0.407476121,28.49950507
44,Porites compressa,13,7,Non-bleach,10/16/19,1717,4067,0.578,6,1,4,2/18/20,17.5,20.86081554,0.042777778,2.050628255,739478.9336,12940881.34,0.145179378,2.540639115,0.045347825,0.793586938,4.861806667,85.08161667,385.927496,0.003529851,0.001057077,451.7533089,0.319680999,-0.066217493,0.385898492,0.919468364,-0.190455143,1.109923507,5.827742398,620343.9801,0.033488273,6.57E-06,4.078537414,0.121790019,8.510386016
45,Porites compressa,13,8,Bleach,10/16/19,1921,4067,0.528,4,2,2,9/19/20,20,25.44205464,0.044444444,1.746888963,1106494.581,22129891.62,0.2591083,5.182166,0.28410356,5.6820712,22.06322,441.2644,5892.32124,0.003845438,0.000300195,709.1165451,0.594654954,-0.070699791,0.665354745,1.402374838,-0.166731323,1.569106162,9.410986036,869815.427,0.085150572,1.99E-05,17.34389798,0.203685043,20.74004719
46,Porites compressa,13,8,Non-bleach,10/16/19,2041,4067,0.498,3,3,1,3/10/20,22.5,14.2807085,0.02,1.400490739,172871.3331,3889604.995,0.154241355,3.470430488,0.094701684,2.13078789,13.56964667,305.3170501,859.7335326,0.012442038,0.000697247,262.4300279,0.598470629,-0.201494644,0.799965273,2.51445772,-0.846574149,3.361031869,3.97015651,272367.7887,0.087976708,7.85E-05,21.37968506,0.243015288,9.078334157
201,Montipora capitata,13,9,Bleach,10/16/19,1554,4067,0.618,2,2,3,3/2/20,11,11.02736896,0.013444444,1.219188774,115340.4406,1268744.847,0.119450476,1.313955236,0.198181426,2.179995684,4.079626667,44.87589334,18.57586538,0.002086083,0.001432307,621.3670276,0.287885117,-0.030985788,0.318870905,1.566385154,-0.168593914,1.734979069,10.29087608,115054.1758,0.034153289,3.54E-05,4.069501393,0.11915401,0.093731616
202,Montipora capitata,13,9,Non-bleach,10/16/19,1232,3641,0.662,3,3,1,2/24/20,16,22.76512696,0.039111111,1.718027366,1229791.326,19676661.22,0.147785172,2.364562752,0.108358812,1.733740992,12.99845333,207.9752533,696.1746091,0.016557031,0.001704315,193.1088341,0.630759588,-0.152581105,0.783340693,1.662436382,-0.402144311,2.064580693,5.133929874,864333.4717,0.087955058,1.06E-05,9.135694858,0.10386776,6.424716147
203,Montipora capitata,13,10,Bleach,10/16/19,1335,3807,0.649,4,2,2,9/10/20,24,18.28088434,0.042666667,2.333949817,199548.6266,4789167.038,0.205372505,4.92894012,0.018949259,0.454782216,3.353491667,80.48380001,482.6475315,0.011110301,0.000698697,257.0456946,0.565073936,-0.131754693,0.696828629,1.854638733,-0.432434309,2.287073042,5.288833456,261976.7703,0.016328825,1.68E-05,4.402620711,0.26962263,25.4705227
204,Montipora capitata,13,10,Non-bleach,10/16/19,1372,4053,0.661,4,3,1,3/10/20,26,24.9428885,0.060666667,2.432222983,378717.4516,9846653.742,0.143313247,3.726144422,0.056852459,1.478163934,7.815993333,203.2158267,670.9047056,0.006689742,0.001347962,298.8675776,0.426289377,-0.061551288,0.487840665,1.025437074,-0.148061331,1.173498405,7.92575886,394767.9813,0.054537829,2.06E-05,8.147245124,0.149387046,11.80080365
209,Montipora capitata,13,11,Bleach,10/16/19,1135,3467,0.673,4,2,3,2/18/20,28,17.04432064,0.065333333,3.833143879,517444.543,14488447.2,0.112497015,3.14991642,0.045770353,1.281569884,4.145646667,116.0781067,30.99683,0.014090629,0.000971962,203.0071435,0.607257627,-0.090703969,0.697961596,2.137689051,-0.319299211,2.456988262,7.694939976,850045.4495,0.03685117,8.01E-06,6.810368635,0.18480739,0.677225059
210,Montipora capitata,13,11,Non-bleach,10/16/19,1331,4011,0.668,4,3,1,2/18/20,20,17.3967565,0.026666667,1.532852786,770589.9579,15411799.16,0.18658425,3.731685,0.064440345,1.2888069,7.164086667,143.2817333,50.2957853,0.007241011,0.000807014,305.2666641,0.459895452,-0.07945173,0.539347183,1.586142056,-0.274022564,1.860164621,6.788362979,885900.7229,0.038395988,9.30E-06,8.236117652,0.214504641,0.78050149
211,Montipora capitata,13,12,Bleach,10/16/19,237,469,0.495,3,2,2,10/7/20,25,12.97269074,0.027777778,2.141250288,119577.6838,2989442.095,0.162579478,4.06448695,0.12680323,3.17008075,6.39965,159.99125,495.1284434,0.002126989,0.00308445,344.4473827,0.130814985,-0.048680784,0.17949577,0.60503247,-0.225153525,0.830185995,3.687199659,230441.1748,0.039363209,5.35E-05,12.33292716,0.313311019,3.904698984
212,Montipora capitata,13,12,Non-bleach,10/16/19,1179,3459,0.659,3,3,1,3/2/20,20,22.714774,0.02,0.880484217,435771.5912,8715431.824,0.171843919,3.43687838,0.155139272,3.10278544,7.840926667,156.8185333,31.95178928,0.007695227,0.000875031,293.1407263,0.447610539,-0.105056647,0.552667186,1.182342044,-0.277502159,1.459844203,5.260658905,383690.0083,0.045628188,1.80E-05,6.903812175,0.151305858,0.205955519
217,Montipora capitata,13,13,Bleach,10/16/19,717,1949,0.632,3,3,1,10/7/20,25,18.14685336,0.066666667,3.673731492,951556.3117,23788907.79,0.144867402,3.62168505,0.115036499,2.875912475,5.628013333,140.7003333,1592.32956,0.015626918,0.000965801,267.8251378,0.7776179,-0.24777606,1.025393959,2.57108343,-0.819236442,3.390319872,4.138389961,1310910.896,0.038849412,5.91E-06,7.75342868,0.199576476,13.84195081
218,Montipora capitata,13,13,Non-bleach,10/16/19,1059,3114,0.66,4,3,1,9/10/20,22.5,26.8311885,0.085,3.167955083,1052359.17,23678081.33,0.183306566,4.124397735,0.024307224,0.54691254,4.870941667,109.5961875,1539.0866,0.010096943,0.001399945,255.2404868,0.509358019,-0.119466251,0.62882427,1.13902823,-0.267150858,1.406179089,5.263614327,882483.5072,0.026572652,4.63E-06,4.084656462,0.15371655,63.31807367
219,Montipora capitata,13,14,Bleach,10/16/19,117,257,0.545,2,2,2,9/19/20,12,7.7750765,0.02,2.572321957,24890.65114,298687.8137,0.19093174,2.29118088,0.185212435,2.22254922,7.3082,87.6984,545.1514714,0.001728681,0.002917388,324.8481241,0.130889237,-0.007254223,0.13814346,1.010067777,-0.055980589,1.066048365,19.04317813,38416.06108,0.038276507,0.000293612,11.279426,0.294682744,2.943384829
220,Montipora capitata,13,14,Non-bleach,10/16/19,1177,3531,0.667,5,3,1,2/10/20,24,33.143134,0.058666667,1.770100156,795136.0005,19083264.01,0.232589852,5.582156448,0.094187801,2.260507224,7.30716,175.37184,48.935352,0.022194292,0.002655638,156.0732024,0.802458225,-0.039277792,0.841736017,1.452713961,-0.071105754,1.523819716,21.43032918,575783.3285,0.031416504,9.19E-06,5.291347523,0.168425727,0.519550849
221,Montipora capitata,13,15,Bleach,10/16/19,264,555,0.524,3,2,3,9/19/20,17.5,14.12110034,0.035,2.478560392,155856.2068,2727483.619,0.268008195,4.690143413,0.271742025,4.755485438,0.247673333,4.334283328,759.5232841,0.00199428,0.002960446,386.2609022,0.13941915,-0.049307386,0.188726536,0.592386486,-0.209505143,0.80189163,3.827551027,193149.5105,0.000924126,1.59E-06,0.306936657,0.332137249,2.795015913
222,Montipora capitata,13,15,Non-bleach,10/16/19,961,2813,0.658,8,3,1,2/11/20,22.5,44.94675264,0.045,1.001184676,241480.6184,5433313.914,0.160721814,3.616240815,0.19391621,4.363114736,6.49572,146.1537,49.9285,0.00925248,0.000397972,394.8246779,0.67806307,-0.198682715,0.876745785,0.90515514,-0.26522412,1.17037926,4.412793452,120883.3474,0.04041592,2.69E-05,3.251707663,0.080456109,0.257474607
229,Porites compressa,13,16,Bleach,10/16/19,1816,4067,0.553,10,2,2,2/10/20,32.5,29.34812096,0.072222222,2.460880624,168090.8978,5462954.179,0.23378673,7.598068725,0.043673349,1.419383843,7.963573333,258.8161333,345.9358205,0.01183892,0.001041872,260.4667136,0.631725071,-0.10218234,0.733907411,1.291513836,-0.208904018,1.500417854,7.182331237,186143.2351,0.03406341,4.74E-05,8.81883149,0.258894555,7.920982208
230,Porites compressa,13,16,Non-bleach,10/16/19,1847,4067,0.546,8,3,1,3/9/20,25.5,26.40648994,0.085,3.218905663,237932.1211,6067269.088,0.170949411,4.359209981,0.209685864,5.346989532,36.32654667,926.3269401,913.5889742,0.011394269,0.000466023,271.4363032,0.623757695,-0.118518686,0.742276381,1.417282712,-0.26929445,1.686577162,6.262948116,229764.3156,0.212498812,0.000152676,35.07951804,0.165081008,4.356941173
237,Porites compressa,13,17,Bleach,10/16/19,1513,4067,0.628,5,2,2,3/10/20,20,14.40031256,0.066666667,4.629529143,309057.1151,6181142.302,0.156622432,3.13244864,0.169987598,3.39975196,20.25746,405.1492,1038.97267,0.007111628,0.000989172,274.3820907,0.412298336,-0.061868381,0.474166716,1.717872445,-0.257779324,1.975651768,7.664120307,429236.6764,0.129339455,6.55E-05,28.13475043,0.217526434,6.112049833
238,Porites compressa,13,17,Non-bleach,10/16/19,1465,4067,0.64,6,3,1,2/18/20,26,19.75617536,0.086666667,4.386814001,945339.2938,24578821.64,0.2349829,6.1095554,0.081916481,2.129828506,10.98628667,285.6434534,356.93868,0.010856687,0.000596893,309.2331855,0.643657527,-0.168796466,0.812453993,1.95480405,-0.512639101,2.467443151,4.813216844,1244108.295,0.046753558,1.16E-05,14.45843885,0.309247883,4.357348798
239,Porites compressa,13,18,Bleach,10/16/19,1907,4067,0.531,6,2,1,9/19/20,27.5,21.026454,0.091666667,4.35958753,795677.1518,21881121.67,0.217852812,5.99095233,0.208259719,5.727142273,16.3879,450.66725,817.2931656,0.008162292,0.000712099,290.2005271,0.476920001,-0.096305748,0.573225749,1.360914211,-0.274813093,1.635727304,5.952144715,1040647.257,0.075224643,2.06E-05,21.43334535,0.284924521,3.924393874
240,Porites compressa,13,18,Non-bleach,10/16/19,1537,3902,0.606,6,3,1,2/24/20,25,20.86931426,0.086111111,4.126207025,1256529.216,31413230.4,0.205872484,5.1468121,0.150445732,3.7611433,25.35500667,633.8751668,576.2858526,0.009886736,0.000338645,355.4758812,0.700257181,-0.150250897,0.850508078,2.013263605,-0.431976525,2.44524013,5.660585698,1505235.391,0.123158793,2.02E-05,30.37355032,0.246621045,3.830523106
243,Porites compressa,13,19,Bleach,10/16/19,1805,4067,0.556,4,1,5,10/7/20,25,13.7480765,0.038888889,2.828678535,778621.6421,19465541.05,0.169068766,4.22671915,0.096735979,2.418399475,5.464153333,136.6038333,4365.483473,0.00483426,0.000907706,366.1693651,0.365848552,-0.066069979,0.431918531,1.596653403,-0.2883457,1.884999103,6.537288754,1415873.781,0.032319118,7.02E-06,9.936214226,0.307440765,45.12781613
244,Porites compressa,13,19,Non-bleach,10/16/19,1283,3207,0.6,4,3,1,9/10/20,17.5,14.55964856,0.048611111,3.338755802,1114906.068,19510856.19,0.284595446,4.980420305,0.036279302,0.634887785,8.445641667,147.7987292,1093.842917,0.007914563,0.000630612,349.5100173,0.531176959,-0.143780489,0.674957448,2.188968877,-0.592516318,2.781485194,4.694360498,1340063.677,0.029675955,7.58E-06,10.15125665,0.342070091,30.15060535
247,Porites compressa,13,20,Bleach,10/16/19,2037,4067,0.499,5,3,1,3/3/20,18,14.40031256,0.052,3.611032732,207965.1685,3743373.033,0.130950852,2.357115336,0.106102126,1.909838268,25.46723333,458.4101999,1520.351109,0.005394602,0.000512834,454.5266044,0.513845098,-0.081988503,0.595833601,2.140974772,-0.341611348,2.48258612,7.267282344,259950.8182,0.194479325,0.000122459,31.8333507,0.163685012,14.32912955
248,Porites compressa,13,20,Non-bleach,10/16/19,2154,4067,0.47,2,3,1,2/11/20,12.5,9.21031296,0.036111111,3.920725742,348581.5357,4357269.196,0.207897945,2.598724313,0.225942387,2.824279838,13.86884667,173.3605834,354.39586,0.005141586,0.000538314,451.5998355,-0.084161558,0.57119709,3.172762103,3.172762105,-0.548265136,3.721027241,473085.9,473085.9,3.98E-05,18.82244221,18.82244221,0.282153747,1.568523129
3,Montipora capitata,13,1,Bleach,10/30/19,929,3034,0.694,12,2,2,9/28/20,30.5,58.22888914,0.155888889,2.677174358,831694.8953,25366694.31,0.227082125,6.926004813,0.283086644,8.634142642,9.3428,284.9554,2832.334141,0.014415297,0.000505964,236.6297808,-0.190765252,0.805016902,0.63293495,0.63293495,-0.196567636,0.829502586,435637.6136,435637.6136,1.12E-05,4.893711768,4.893711768,0.118944478,10.00518464
4,Montipora capitata,13,1,Non-bleach,10/30/19,1217,3604,0.662,11.5,3,1,2/4/20,25,50.28343394,0.127777778,2.541150589,1624241.708,40606042.7,0.136904985,3.422624625,0.034671008,0.8667752,13.55026667,338.7566668,74.985699,0.011812124,0.000386622,380.4489389,-0.274425632,1.062809725,0.940728225,0.940728225,-0.327454524,1.268182749,807543.1513,807543.1513,8.34E-06,6.736943766,6.736943766,0.068066645,2.162778163
11,Montipora capitata,13,2,Bleach,10/30/19,1421,4067,0.651,4,2,2,10/17/20,29.5,25.00073314,0.062277778,2.49103806,1212005.793,35754170.89,0.141785878,4.182683401,0.112377077,3.315123772,3.917046667,115.5528767,1619.010668,0.008389888,0.000932851,275.3832212,-0.10027042,0.563745989,1.112308749,1.112308748,-0.240641951,1.352950699,1430124.896,1430124.896,3.23E-06,4.621979526,4.621979526,0.16730243,14.40694767
12,Montipora capitata,13,2,Non-bleach,10/30/19,1579,4067,0.612,2.5,3,1,9/28/20,17.5,18.07763096,0.050555556,2.796580795,908851.4947,15904901.16,0.196297968,3.43521444,0.247441174,4.330220545,5.1128,89.474,1888.008122,0.005832398,0.000711073,367.8174895,-0.11143588,0.526660837,1.378139504,1.378139505,-0.3698578,1.747997305,879811.1431,879811.1431,5.63E-06,4.949431715,4.949431715,0.190025698,7.63012918
19,Montipora capitata,13,3,Bleach,10/30/19,1167,3754,0.689,8,2,3,9/28/20,30,29.24000594,0.07,2.393980362,599243.46,17977303.8,0.212002809,6.36008427,0.275173357,8.25520071,7.09904,212.9712,1209.920651,0.012394192,0.001249298,263.0173052,-0.170864999,0.782372875,1.254803868,1.254803868,-0.350612102,1.60541597,614818.7465,614818.7465,1.18E-05,7.283555292,7.283555292,0.217513098,4.396939675
20,Montipora capitata,13,3,Non-bleach,10/30/19,1488,4067,0.634,9.5,3,2,2/3/20,39,49.62115,0.091,1.833895426,1147670.551,44759151.49,0.123409848,4.812984072,0.080132502,3.125167578,6.872513333,268.02802,77.2258992,0.013979598,0.002454227,246.4605873,-0.161974494,0.821732654,0.797754377,0.797754377,-0.195853374,0.993607751,902017.6173,902017.6173,5.99E-06,5.401487471,5.401487471,0.09699461,0.963727542
26,Porites compressa,13,4,Non-bleach,10/30/19,1581,4067,0.611,6,3,2,2/4/20,27.5,22.42490914,0.064166667,2.861401412,868236.2681,23876497.37,0.122013737,3.355377768,0.0966192,2.657028,19.74570667,543.0069334,290.98328,0.010331332,0.000548054,311.6294854,-0.174159285,0.779130537,1.618658738,1.618658737,-0.465979909,2.084638647,1064731.064,1064731.064,2.27E-05,24.21445411,24.21445411,0.149627263,3.011650686
27,Porites compressa,13,4,Bleach,10/30/19,1972,4067,0.515,4,3,1,10/7/20,28.5,15.82873784,0.050666667,3.200929043,879458.7451,25064574.24,0.151409618,4.315174113,0.096735979,2.756975402,8.642613333,246.31448,4167.961444,0.003610518,0.000147026,1041.466742,-0.082874952,0.917497198,3.163697274,3.163697274,-0.314143629,3.477840902,1583485.335,1583485.335,9.83E-06,15.56122051,15.56122051,0.272616437,43.08594885
35,Porites compressa,13,5,Bleach,10/30/19,1690,4067,0.584,4,2,2,10/17/20,27.5,17.40979456,0.048888889,2.808125548,976017.7369,26840487.76,0.21653462,5.95470205,0.100596168,2.76639462,13.17042667,362.1867334,3897.242123,0.004668246,0.000877182,402.867366,-0.076624973,0.458886889,1.317402964,1.317402964,-0.264075394,1.581478358,1541688.942,1541688.942,1.35E-05,20.80361903,20.80361903,0.342031724,38.74145706
36,Porites compressa,13,5,Non-bleach,10/30/19,1851,4067,0.545,4.5,3,1,3/10/20,25,18.26791864,0.063888889,3.497327208,191331.059,4783276.475,0.162344889,4.058622225,0.096191437,2.404785925,17.39727333,434.9318333,6284.525595,0.005808617,0.001130607,304.411348,-0.079764593,0.430558875,1.152165021,1.152165022,-0.261982533,1.414147555,261840.255,261840.255,9.09E-05,23.80850506,23.80850506,0.222172121,65.33352439
41,Porites compressa,13,6,Bleach,10/30/19,1048,3233,0.676,6,3,1,9/28/20,26.5,26.1362965,0.058888889,2.253145884,1271677.171,33699445.03,0.282388249,7.483288599,0.242706817,6.431730651,17.16112,454.76968,4781.088086,0.012489944,0.000311822,342.3444334,-0.252538898,1.034758798,1.795709427,1.795709427,-0.579742959,2.375452386,1289373.383,1289373.383,1.35E-05,17.3999281,17.3999281,0.286317864,19.69902677
42,Porites compressa,13,6,Non-bleach,10/30/19,1667,4067,0.59,5,3,1,9/28/20,25,17.86544626,0.088888889,4.975464234,1616781.869,40419546.73,0.285173,7.129325,0.34141712,8.535428,16.47934,411.9835,849.0697753,0.00897257,0.0003361,439.266506,-0.221358998,0.957747922,2.473116812,2.473116811,-0.743420548,3.216537359,2262442.602,2262442.602,1.02E-05,23.06035315,23.06035315,0.399056642,2.486898651
43,Porites compressa,13,7,Bleach,10/30/19,1671,4067,0.589,6.5,3,1,9/28/20,23,17.76141394,0.061333333,3.453178533,1234555.429,28394774.87,0.2977273,6.8477279,0.226590155,5.211573565,14.64414,336.81522,960.9871811,0.009074608,0.00036209,438.6958715,-0.19274798,0.961409825,2.596623831,2.59662383,-0.651123771,3.247747601,1598677.615,1598677.615,1.19E-05,18.96331121,18.96331121,0.38553957,4.241080911
44,Porites compressa,13,7,Non-bleach,10/30/19,1664,4067,0.591,4,1,3,9/28/20,30,15.5167965,0.05,3.222314606,758856.5631,22765696.89,0.174549611,5.23648833,0.1380127,4.140381,4.76478,142.9434,979.3961457,0.003126302,0.000577999,598.4727362,-0.040901304,0.456525589,1.607126645,1.607126646,-0.158156242,1.765282888,1467164.752,1467164.752,6.28E-06,9.212172113,9.212172113,0.337472257,7.096420443
45,Porites compressa,13,8,Bleach,10/30/19,1596,4067,0.608,5,2,2,10/17/20,15,17.14447506,0.016666667,0.972130474,383900.9776,5758514.664,0.108416697,1.626250455,0.05603188,0.8404782,1.82514,27.3771,1401.683942,0.006577813,0.000473708,415.6583243,-0.102961207,0.664391823,1.964821719,1.96482172,-0.360330216,2.325151937,335881.6554,335881.6554,4.75E-06,1.596846792,1.596846792,0.094855658,25.01582924
46,Porites compressa,13,8,Non-bleach,10/30/19,1872,4067,0.54,7,3,1,9/28/20,29,25.57377176,0.083777778,3.275925763,1005133.4,29148868.6,0.26571863,7.70584027,0.172231124,4.994702596,12.52888667,363.3377134,3402.148479,0.008334272,0.000407099,424.481234,-0.16530343,0.852595837,1.612493644,1.612493644,-0.387827259,2.000320903,1139795.446,1139795.446,1.25E-05,14.20743552,14.20743552,0.301318098,19.75338952
201,Montipora capitata,13,9,Bleach,10/30/19,1102,3670,0.7,8.5,2,3,9/28/20,31,58.19571776,0.117111111,2.01236647,582504.504,18057639.62,0.188128445,5.831981795,0.292826846,9.077632226,7.878986667,244.2485867,958.3339081,0.00342605,0.000193055,916.6870443,-0.055824094,0.752177448,0.71794288,0.71794288,-0.057554847,0.775497727,310291.5526,310291.5526,1.35E-05,4.19701992,4.19701992,0.100213246,3.272698256
202,Montipora capitata,13,9,Non-bleach,10/30/19,1408,4067,0.654,6,3,1,9/28/20,30,23.36801464,0.063333333,2.710257346,652917.4146,19587522.44,0.142149311,4.26447933,0.167104638,5.01313914,3.951733333,118.552,520.6858203,0.00688746,0.001523099,283.0800626,-0.077058995,0.471828031,1.013613802,1.013613803,-0.197857617,1.21147142,838219.367,838219.367,6.05E-06,5.073259403,5.073259403,0.182492154,3.115926802
203,Montipora capitata,13,10,Bleach,10/30/19,1297,4024,0.678,5,2,2,9/28/20,21,18.79862674,0.072333333,3.847798796,754199.412,15838187.65,0.196979514,4.136569794,0.323123419,6.785591799,7.584493333,159.27436,649.7389545,0.005368322,0.000932674,329.3434278,-0.079006297,0.429629241,1.119091144,1.119091142,-0.252166175,1.371257317,842518.3323,842518.3323,1.01E-05,8.472659317,8.472659317,0.220046382,2.010807377
204,Montipora capitata,13,10,Non-bleach,10/30/19,1560,4067,0.616,4,3,1,9/28/20,30,22.70638016,0.08,3.523238818,131037.1805,3931115.415,0.16439587,4.9318761,0.221923126,6.65769378,5.489646667,164.6894,435.7176795,0.012163039,0.000759349,290.3262073,-0.160655706,0.861624752,1.852261015,1.852261014,-0.424521314,2.276782329,173128.2304,173128.2304,4.19E-05,7.253001088,7.253001088,0.217202217,1.963372125
209,Montipora capitata,13,11,Bleach,10/30/19,1289,4023,0.68,5.5,2,3,10/7/20,32.5,26.90048696,0.072222222,2.684792373,721481.7289,23448156.19,0.172768175,5.614965688,0.15859567,5.154359275,7.523446667,244.5120167,463.9455236,0.008155209,0.001632141,314.5690472,-0.096973657,0.622103759,1.171272705,1.171272704,-0.216294204,1.387566909,871662.8894,871662.8894,1.04E-05,9.089501505,9.089501505,0.208731005,2.925335374
210,Montipora capitata,13,11,Non-bleach,10/30/19,1269,4067,0.688,8,3,2,2/3/20,32.5,36.75918264,0.072222222,1.964739612,155933.0578,5067824.379,0.150324807,4.885556228,0.149642028,4.86336591,9.852246667,320.1980167,84.098256,0.017091287,0.00048591,320.2649834,-0.255341499,1.31369778,1.727496976,1.727496976,-0.41677994,2.144276916,137865.535,137865.535,6.32E-05,8.710694681,8.710694681,0.132907096,0.561996233
211,Montipora capitata,13,12,Bleach,10/30/19,215,422,0.491,5,2,3,2/3/20,30,25.1080965,0.066666667,2.655186014,310291.2787,9308738.361,0.067815186,2.03445558,0.117816122,3.53448366,8.209851,246.29553,74.9028556,0.001540216,0.002155096,672.0118613,-0.04699224,0.251515551,0.488742691,0.488742693,-0.112295824,0.601038517,370746.4786,370746.4786,2.65E-05,9.809406699,9.809406699,0.08102787,0.635760661
212,Montipora capitata,13,12,Non-bleach,10/30/19,1265,4067,0.689,7,3,1,9/28/20,32,37.17358784,0.131555556,3.538952337,1118037.685,35777205.92,0.134090904,4.290908928,0.257637421,8.244397472,7.675933333,245.6298667,1347.117792,0.008972249,0.002389921,269.2799008,-0.090777579,0.582267163,0.793288375,0.793288375,-0.146519479,0.939807854,962436.1811,962436.1811,6.87E-06,6.607644862,6.607644862,0.115428969,5.228734967
217,Montipora capitata,13,13,Bleach,10/30/19,1285,3761,0.658,4.5,3,1,9/28/20,37,26.41875904,0.106888889,4.045946622,1208462.073,44713096.7,0.188808602,6.985918274,0.215734684,7.982183308,6.07202,224.66474,861.6987411,0.008620894,0.000733824,294.7893467,-0.134418567,0.618818167,1.100126465,1.100126466,-0.30527982,1.405406287,1692475.284,1692475.284,5.02E-06,8.503985356,8.503985356,0.26443022,3.994252223
218,Montipora capitata,13,13,Non-bleach,10/30/19,1213,3447,0.648,5,3,2,10/17/20,30.5,20.73753016,0.071166667,3.431781226,1083911.335,33059295.72,0.134285727,4.095714674,0.094286072,2.875725196,5.554006667,169.3972033,678.6783199,0.014151153,0.000801203,338.9164715,-0.20480088,1.165442299,2.779428635,2.779428634,-0.592551414,3.371980047,1594177.101,1594177.101,5.12E-06,8.168629629,8.168629629,0.19750253,7.198076084
219,Montipora capitata,13,14,Bleach,10/30/19,733,1865,0.607,4,2,3,9/28/20,24.5,30.47606274,0.054444444,1.786465821,431904.1826,10581652.47,0.205850144,5.043328528,0.315804122,7.737200989,3.146893333,77.09888666,620.8944586,0.003380872,0.001200018,433.5502367,-0.037445161,0.357649797,0.630405519,0.630405519,-0.073720469,0.704125989,347211.927,347211.927,7.29E-06,2.529817822,2.529817822,0.165484911,1.966074587
220,Montipora capitata,13,14,Non-bleach,10/30/19,1125,3224,0.651,14.5,3,1,2/4/20,17,45.54765184,0.037777778,0.829412193,1067795.498,18152523.47,0.122013737,2.074233529,0.082294543,1.399007231,8.53392,145.07664,79.9928656,0.014234705,0.002529843,289.2450486,-0.158132924,0.961393739,1.058136851,1.058136851,-0.208308773,1.266445623,398539.1724,398539.1724,7.99E-06,3.185161784,3.185161784,0.045539857,0.972031227
221,Montipora capitata,13,15,Bleach,10/30/19,1506,4067,0.63,4,2,3,2/3/20,27.5,25.75468216,0.061111111,2.372815581,117908.8195,3242492.536,0.124804412,3.43212133,0.075074202,2.064540555,4.63546,127.47515,57.01885,0.015787748,0.001197172,276.2992422,-0.203137322,1.064362845,2.006374261,2.00637426,-0.473243633,2.479617893,125899.1478,125899.1478,3.93E-05,4.949591271,4.949591271,0.133262034,0.759499914
222,Montipora capitata,13,15,Non-bleach,10/30/19,1167,3452,0.662,5,3,1,9/28/20,30.5,35.377526,0.108444444,3.065348449,1120806.208,34184589.34,0.184729396,5.634246578,0.290981538,8.874936909,4.985226667,152.0494133,700.4451021,0.008596729,0.000839572,322.4406825,-0.124214207,0.673580245,0.931720391,0.93172039,-0.210666297,1.142386687,966279.8167,966279.8167,4.45E-06,4.297909732,4.297909732,0.159260616,2.407180562
229,Porites compressa,13,16,Bleach,10/30/19,1890,4067,0.535,4,3,1,10/7/20,30,14.22309016,0.046666667,3.281049768,1100365.679,33010970.37,0.148608199,4.45824597,0.067382,2.02146,11.06718,332.0154,1409.502824,0.00493689,0.00078624,447.6504401,-0.09892807,0.539240239,1.857453608,1.85745361,-0.417327327,2.274780937,2320942.214,2320942.214,1.01E-05,23.34340824,23.34340824,0.313451291,20.91809124
230,Porites compressa,13,16,Non-bleach,10/30/19,2093,4067,0.485,7,3,1,9/28/20,25.5,25.15349504,0.056666667,2.252834709,1185621.238,30233341.57,0.24359618,6.21170259,0.223899502,5.709437301,15.62980667,398.5600701,1864.980291,0.017718034,0.000366321,368.6954865,-0.439235008,1.574346759,2.707643804,2.707643805,-1.047731159,3.755374964,1201953.904,1201953.904,1.32E-05,15.84511693,15.84511693,0.246951868,8.329541934
237,Porites compressa,13,17,Bleach,10/30/19,1621,4067,0.601,5,2,2,10/7/20,25,18.53997154,0.069444444,3.74566079,1815454.883,45386372.08,0.236477118,5.91192795,0.138511203,3.462780075,18.62464667,465.6161668,3615.53099,0.015314548,0.002056868,260.5366969,-0.183400177,0.969570425,2.54424419,2.544244192,-0.593528991,3.137773183,2448028.142,2448028.142,1.03E-05,25.11417916,25.11417916,0.318874705,26.10280549
238,Porites compressa,13,17,Non-bleach,10/30/19,1722,4067,0.577,2,3,1,10/17/20,21,8.25326434,0.021,2.544447765,751099.0784,15773080.65,0.132618403,2.784986463,0.056835724,1.193550204,5.045173333,105.94864,1832.38845,0.003823694,0.001062432,409.8592795,-0.068715282,0.385525411,2.303162356,2.303162356,-0.499549845,2.802712201,1911132.371,1911132.371,6.72E-06,12.83718001,12.83718001,0.337440599,32.24008284
239,Porites compressa,13,18,Bleach,10/30/19,1703,4067,0.581,6,2,2,2/4/20,26,14.67462784,0.083777778,5.709022313,127057.2518,3303488.547,0.131686958,3.423860908,0.020441655,0.53148303,11.82570667,307.4683734,216.002885,0.00349415,0.000638339,579.4108335,-0.072402043,0.489940704,1.707186031,1.707186031,-0.296029489,2.00321552,225115.6611,225115.6611,9.31E-05,20.95237963,20.95237963,0.233318415,10.56680024
240,Porites compressa,13,18,Non-bleach,10/30/19,1673,4067,0.589,6,3,1,10/17/20,33.5,19.99569856,0.070722222,3.536871793,870417.6305,29158990.62,0.179217696,6.003792816,0.08160965,2.733923275,12.01962,402.65727,1543.331004,0.007116591,0.000874069,340.5519238,-0.108896878,0.586503639,1.433128509,1.433128508,-0.326760912,1.75988942,1458263.163,1458263.163,1.38E-05,20.13719445,20.13719445,0.300254217,18.91113372
243,Porites compressa,13,19,Bleach,10/30/19,1786,4067,0.561,4,3,1,2/4/20,29.5,13.91693026,0.062277778,4.474965141,145839.8138,4302274.507,0.077244365,2.278708768,0.078689207,2.321331607,1.02138,30.13071,230.3572,0.007911313,0.000809715,329.5582623,-0.142884452,0.63616621,2.126683462,2.126683464,-0.616017109,2.742700573,309139.6182,309139.6182,7.00E-06,2.16503995,2.16503995,0.163736451,2.927430695
244,Porites compressa,13,19,Non-bleach,10/30/19,1723,4067,0.576,7,3,2,9/28/20,23,29.9750565,0.071555556,2.387169998,1240773.387,28537787.9,0.306817618,7.056805214,0.253550545,5.831662535,16.99167333,390.8084866,4186.945085,0.007374732,0.00060694,366.1579773,-0.128630183,0.650776385,1.045161403,1.045161404,-0.257474443,1.302635847,952051.1796,952051.1796,1.37E-05,13.03778982,13.03778982,0.235422583,16.5132561
247,Porites compressa,13,20,Bleach,10/30/19,1384,3934,0.648,3.5,3,1,10/7/20,28,13.9982,0.087111111,6.223022325,119577.6838,2989442.095,0.162579478,4.06448695,0.12680323,3.17008075,6.00855,168.2394,19.90787221,0.010073045,0.003213554,305.5506945,-0.108464191,0.752528431,2.760630252,2.760630252,-0.464906309,3.22553656,213559.0358,213559.0358,5.63E-05,12.01864525,12.01864525,0.290357828,0.175837925
248,Porites compressa,13,20,Non-bleach,10/30/19,1799,4067,0.558,7,3,1,2/3/20,35,37.54156216,0.108888889,2.900489021,72809.85303,2548344.856,0.206297531,7.220413585,0.33372126,11.6802441,18.70999333,654.8497666,288.938567,0.017840771,0.002198957,301.7177478,-0.179261484,1.297273416,1.786838696,1.786838695,-0.286500838,2.073339534,67880.62908,67880.62908,0.000256971,17.44332758,17.44332758,0.192331197,0.865808091
3,Montipora capitata,13,1,Bleach,1/24/20,,,,,2,2,,,,,,,,,,,,,,,,,,,,,,,,,,,,,,
4,Montipora capitata,13,1,Non-bleach,1/24/20,,,,,3,1,,,,,,,,,,,,,,,,,,,,,,,,,,,,,,
11,Montipora capitata,13,2,Bleach,1/24/20,,,,,2,2,,,,,,,,,,,,,,,,,,,,,,,,,,,,,,
12,Montipora capitata,13,2,Non-bleach,1/24/20,,,,,3,1,,,,,,,,,,,,,,,,,,,,,,,,,,,,,,
19,Montipora capitata,13,3,Bleach,1/24/20,,,,,3,1,,,,,,,,,,,,,,,,,,,,,,,,,,,,,,
20,Montipora capitata,13,3,Non-bleach,1/24/20,,,,,3,1,,,,,,,,,,,,,,,,,,,,,,,,,,,,,,
26,Porites compressa,13,4,Non-bleach,1/24/20,,,,,3,1,,,,,,,,,,,,,,,,,,,,,,,,,,,,,,
27,Porites compressa,13,4,Bleach,1/24/20,,,,,3,1,,,,,,,,,,,,,,,,,,,,,,,,,,,,,,
35,Porites compressa,13,5,Bleach,1/24/20,,,,,3,1,,,,,,,,,,,,,,,,,,,,,,,,,,,,,,
36,Porites compressa,13,5,Non-bleach,1/24/20,,,,,3,1,,,,,,,,,,,,,,,,,,,,,,,,,,,,,,
41,Porites compressa,13,6,Bleach,1/24/20,,,,,3,1,,,,,,,,,,,,,,,,,,,,,,,,,,,,,,
42,Porites compressa,13,6,Non-bleach,1/24/20,,,,,3,1,,,,,,,,,,,,,,,,,,,,,,,,,,,,,,
43,Porites compressa,13,7,Bleach,1/24/20,,,,,3,1,,,,,,,,,,,,,,,,,,,,,,,,,,,,,,
44,Porites compressa,13,7,Non-bleach,1/24/20,,,,,2,1,,,,,,,,,,,,,,,,,,,,,,,,,,,,,,
45,Porites compressa,13,8,Bleach,1/24/20,,,,,3,2,,,,,,,,,,,,,,,,,,,,,,,,,,,,,,
46,Porites compressa,13,8,Non-bleach,1/24/20,,,,,2,1,,,,,,,,,,,,,,,,,,,,,,,,,,,,,,
201,Montipora capitata,13,9,Bleach,1/24/20,,,,,3,1,,,,,,,,,,,,,,,,,,,,,,,,,,,,,,
202,Montipora capitata,13,9,Non-bleach,1/24/20,,,,,3,1,,,,,,,,,,,,,,,,,,,,,,,,,,,,,,
203,Montipora capitata,13,10,Bleach,1/24/20,,,,,3,1,,,,,,,,,,,,,,,,,,,,,,,,,,,,,,
204,Montipora capitata,13,10,Non-bleach,1/24/20,,,,,3,1,,,,,,,,,,,,,,,,,,,,,,,,,,,,,,
209,Montipora capitata,13,11,Bleach,1/24/20,,,,,3,2,,,,,,,,,,,,,,,,,,,,,,,,,,,,,,
210,Montipora capitata,13,11,Non-bleach,1/24/20,,,,,3,1,,,,,,,,,,,,,,,,,,,,,,,,,,,,,,
211,Montipora capitata,13,12,Bleach,1/24/20,,,,,2,1,,,,,,,,,,,,,,,,,,,,,,,,,,,,,,
212,Montipora capitata,13,12,Non-bleach,1/24/20,,,,,3,1,,,,,,,,,,,,,,,,,,,,,,,,,,,,,,
217,Montipora capitata,13,13,Bleach,1/24/20,,,,,3,1,,,,,,,,,,,,,,,,,,,,,,,,,,,,,,
218,Montipora capitata,13,13,Non-bleach,1/24/20,,,,,3,1,,,,,,,,,,,,,,,,,,,,,,,,,,,,,,
219,Montipora capitata,13,14,Bleach,1/24/20,,,,,3,1,,,,,,,,,,,,,,,,,,,,,,,,,,,,,,
220,Montipora capitata,13,14,Non-bleach,1/24/20,,,,,3,1,,,,,,,,,,,,,,,,,,,,,,,,,,,,,,
221,Montipora capitata,13,15,Bleach,1/24/20,,,,,2,2,,,,,,,,,,,,,,,,,,,,,,,,,,,,,,
222,Montipora capitata,13,15,Non-bleach,1/24/20,,,,,3,1,,,,,,,,,,,,,,,,,,,,,,,,,,,,,,
229,Porites compressa,13,16,Bleach,1/24/20,,,,,3,2,,,,,,,,,,,,,,,,,,,,,,,,,,,,,,
230,Porites compressa,13,16,Non-bleach,1/24/20,,,,,3,1,,,,,,,,,,,,,,,,,,,,,,,,,,,,,,
237,Porites compressa,13,17,Bleach,1/24/20,,,,,3,1,,,,,,,,,,,,,,,,,,,,,,,,,,,,,,
238,Porites compressa,13,17,Non-bleach,1/24/20,,,,,3,1,,,,,,,,,,,,,,,,,,,,,,,,,,,,,,
239,Porites compressa,13,18,Bleach,1/24/20,,,,,3,2,,,,,,,,,,,,,,,,,,,,,,,,,,,,,,
240,Porites compressa,13,18,Non-bleach,1/24/20,,,,,3,1,,,,,,,,,,,,,,,,,,,,,,,,,,,,,,
243,Porites compressa,13,19,Bleach,1/24/20,,,,,3,1,,,,,,,,,,,,,,,,,,,,,,,,,,,,,,
244,Porites compressa,13,19,Non-bleach,1/24/20,,,,,3,2,,,,,,,,,,,,,,,,,,,,,,,,,,,,,,
247,Porites compressa,13,20,Bleach,1/24/20,,,,,3,1,,,,,,,,,,,,,,,,,,,,,,,,,,,,,,
248,Porites compressa,13,20,Non-bleach,1/24/20,,,,,3,1,,,,,,,,,,,,,,,,,,,,,,,,,,,,,,
3,Montipora capitata,13,1,Bleach,8/27/20,1021,3186,0.679,20,2,2,11/7/20,50,75.39800706,,,831356.3281,41567816.41,0.18420957,9.2104785,,,5.141553333,257.0776667,,,,,0.1339272,-0.235752,0.3696792,1.065761857,-1.876060197,2.941822054,1.568085106,551311.8719,0.027911434,6.18E-06,3.409608247,,
4,Montipora capitata,13,1,Non-bleach,8/27/20,1177,3626,0.675,20,3,1,11/7/20,41.5,77.98868416,,,1997499.158,82896215.06,0.330862495,13.73079354,,,9.47758,393.31957,,,,,0.687648,-0.1757424,0.8633904,0.52903675,-0.135206077,0.664242826,4.912817852,1062926.192,0.028645072,4.74E-06,5.043290244,,
11,Montipora capitata,13,2,Bleach,8/27/20,1245,3585,0.648,10,2,3,11/14/20,40,55.75366194,,,53039.72503,2121589.001,0.130910258,5.23641032,,,5.017986667,200.7194667,,,,,0.1717884,-0.130186,0.3019744,0.184872233,-0.140101291,0.324973524,2.319561243,38052.90858,0.038331501,9.46E-05,3.600112705,,
12,Montipora capitata,13,2,Non-bleach,8/27/20,1010,2886,0.65,14,3,1,11/7/20,36,40.52424576,,,723479.6407,26045267.07,0.166655426,5.999595336,,,5.343146667,192.35328,,,,,0.292032,-0.242892,0.534924,0.43238115,-0.359624707,0.792005857,2.202312139,642708.2499,0.032061042,7.39E-06,4.746622087,,
19,Montipora capitata,13,3,Bleach,8/27/20,1471,3993,0.631,12,2,4,11/7/20,38,48.3602125,,,886441.6268,33684781.82,0.180352186,6.853383068,,,6.245233333,237.3188667,,,,,0.303024,-0.1326556,0.4356796,0.375958646,-0.164584388,0.540543034,3.284291051,696539.1606,0.034627988,7.05E-06,4.907316458,,
20,Montipora capitata,13,3,Non-bleach,8/27/20,1327,4013,0.669,18,3,1,11/14/20,34.5,69.47539266,,,620095.144,21393282.47,0.381190137,13.15105973,,,15.68886667,541.2659001,,,,,0.91793,-0.28106,1.19899,0.792738233,-0.242727667,1.0354659,4.265957447,307926.039,0.041157588,2.53E-05,7.790756977,,
26,Porites compressa,13,4,Non-bleach,8/27/20,1209,2872,0.579,9,3,1,11/7/20,41,27.20580146,,,1412496.067,57912338.75,0.348726465,14.29778507,,,11.46506667,470.0677335,,,,,0.266485,-0.1487058,0.4151908,0.587709207,-0.32795755,0.915666757,2.792028287,2128676.078,0.032876962,8.12E-06,17.27821671,,
27,Porites compressa,13,4,Bleach,8/27/20,1292,3540,0.635,7,3,1,11/7/20,33.5,30.02285346,,,1435726.485,48096837.25,0.228978546,7.670781291,,,11.39313333,381.6699666,,,,,0.273535,-0.2171651,0.4907001,0.546653569,-0.433999587,0.980653156,2.259571635,1602007.528,0.049756335,7.94E-06,12.71264795,,
35,Porites compressa,13,5,Bleach,8/27/20,,,,,,,,,,,,,,,,,,,,,,,,,,,,,,,,,,,,
36,Porites compressa,13,5,Non-bleach,8/27/20,,,,,,,,,,,,,,,,,,,,,,,,,,,,,,,,,,,,
41,Porites compressa,13,6,Bleach,8/27/20,1498,4013,0.626,6,3,2,11/7/20,28.5,21.026454,,,1467756.552,41831061.73,0.324364482,9.244387737,,,10.21227333,291.0497899,,,,,0.1509596,-0.1205644,0.271524,0.430770495,-0.344036327,0.774806822,2.252107587,1989449.183,0.031483944,6.96E-06,13.84207674,,
42,Porites compressa,13,6,Non-bleach,8/27/20,1540,3720,0.586,5,3,1,11/7/20,30.5,18.759856,,,997688.6929,30429505.13,0.250741687,7.647621454,,,8.124026667,247.7828133,,,,,0.1536003,-0.1162512,0.2698515,0.491262726,-0.371808398,0.863071124,2.321279264,1622054.302,0.032399984,8.14E-06,13.20814047,,
43,Porites compressa,13,7,Bleach,8/27/20,1494,3803,0.607,16,3,1,11/14/20,38,43.5036125,,,15476.3759,588102.2842,0.233956942,8.890363796,,,16.16314,614.19932,,,,,0.383032,-0.343592,0.726624,0.528276129,-0.473880646,1.002156775,2.114787306,13518.47009,0.06908596,0.001044375,14.11835213,,
44,Porites compressa,13,7,Non-bleach,8/27/20,1485,3809,0.61,5,3,1,11/14/20,32.5,20.14093976,,,22440.30389,729309.8764,0.129723009,4.215997793,,,8.406513333,273.2116833,,,,,0.1122903,-0.0847827,0.197073,0.334513587,-0.252568255,0.587081841,2.324448266,36210.32013,0.064803564,0.000374617,13.56499183,,
45,Porites compressa,13,8,Bleach,8/27/20,1350,3681,0.633,13,3,1,11/7/20,37,38.71281984,,,1447641.877,53562749.45,0.319750555,11.83077054,,,12.04217333,445.5604132,,,,,0.337225,-0.1796105,0.5168355,0.522656321,-0.278373677,0.801029998,2.877534999,1383592.042,0.037661149,8.32E-06,11.50937635,,
46,Porites compressa,13,8,Non-bleach,8/27/20,1522,3382,0.549,8,3,1,11/14/20,26,22.083904,,,503246.534,13084409.88,0.256040458,6.657051908,,,12.94584667,336.5920134,,,,,0.170784,-0.146664,0.317448,0.464004915,-0.398473024,0.862477939,2.164457536,592486.2687,0.050561723,2.57E-05,15.24150863,,
201,Montipora capitata,13,9,Bleach,8/27/20,1502,4013,0.625,6,2,3,11/7/20,28.5,31.95980386,,,1529015.158,43576932,0.163652051,4.664083454,,,7.26656,207.09696,,,,,0.2007632,-0.0790856,0.2798488,0.376904441,-0.148472,0.525376441,3.538555692,1363491.847,0.044402499,4.75E-06,6.479919617,,
202,Montipora capitata,13,9,Non-bleach,8/27/20,1110,3311,0.664,14,3,1,11/7/20,35,43.13701696,,,1762210.759,61677376.57,0.327143843,11.45003451,,,5.954453333,208.4058667,,,,,0.384462,-0.0570492,0.4415112,0.534754641,-0.079350689,0.614105329,7.739130435,1429801.616,0.018201331,3.38E-06,4.831253559,,
203,Montipora capitata,13,10,Bleach,8/27/20,1458,4013,0.636,7,2,2,11/14/20,24.5,44.90119154,,,331483.5021,8121345.801,0.181917735,4.456984508,,,8.525933333,208.8853667,,,,,0.306552,-0.1148365,0.4213885,0.409635454,-0.153452275,0.56308773,3.669464848,180871.4986,0.046866972,2.57E-05,4.652111882,,
204,Montipora capitata,13,10,Non-bleach,8/27/20,1341,3866,0.653,11,3,1,11/14/20,35.5,55.30117784,,,31173.10343,1106645.172,0.243138607,8.631420549,,,8.125793333,288.4656633,,,,,0.387969,-0.1525332,0.5405022,0.420933892,-0.165493618,0.58642751,3.543505283,20011.24054,0.033420416,0.000260667,5.216266173,,
209,Montipora capitata,13,11,Bleach,8/27/20,1136,3586,0.683,5,2,3,11/7/20,36.5,33.87567154,,,732995.3633,26754330.76,0.15843145,5.782747925,,,8.322266667,303.7627333,,,,,0.310797,-0.0962037,0.4070007,0.550478239,-0.17039432,0.720872558,4.230613791,789780.0853,0.052529133,1.14E-05,8.966987797,,
210,Montipora capitata,13,11,Non-bleach,8/27/20,1200,3685,0.674,10,3,2,11/14/20,34.5,38.09136274,,,8833.674466,304761.7691,0.223850757,7.722851117,,,10.89216,375.77952,,,,,0.240142,-0.1144304,0.3545724,0.37826213,-0.180246216,0.558508346,3.098585691,8000.810346,0.048658133,0.001233027,9.865215969,,
211,Montipora capitata,13,12,Bleach,8/27/20,1049,2791,0.624,16,2,2,11/7/20,34.5,72.16917074,,,1013453.17,34964134.37,0.272252387,9.392707352,,,9.626873333,332.12713,,,,,0.283504,-0.1441184,0.4276224,0.235699535,-0.119817145,0.35551668,2.967160335,484474.6588,0.035360106,9.50E-06,4.602063826,,
212,Montipora capitata,13,12,Non-bleach,8/27/20,1231,3407,0.638,12,3,1,11/14/20,36,72.36768184,,,442632.0291,15934753.05,0.187465341,6.748752276,,,9.376693333,337.56096,,,,,0.358012,-0.2338996,0.5919116,0.296827527,-0.193926013,0.490753539,2.530622541,220191.564,0.050018277,2.12E-05,4.664526366,,
217,Montipora capitata,13,13,Bleach,8/27/20,1625,4013,0.595,18,2,2,11/14/20,49.5,68.79870994,,,43507.35565,2153614.105,0.173527718,8.589622041,,,15.08664667,746.7890102,,,,,0.37513,-0.191843,0.566973,0.32715439,-0.167308079,0.494462469,2.955401031,31303.11756,0.086940846,0.000346761,10.85469496,,
218,Montipora capitata,13,13,Non-bleach,8/27/20,1244,3841,0.676,14,2,2,11/7/20,43,46.09304786,,,923958.5394,39730217.19,0.32251616,13.86819488,,,9.147606667,393.3470867,,,,,0.360828,-0.1845324,0.5453604,0.469695128,-0.240208546,0.709903674,2.955363936,861956.825,0.028363251,9.90E-06,8.533761705,,
219,Montipora capitata,13,14,Bleach,8/27/20,1032,2978,0.653,14,2,3,11/7/20,34.5,62.92456256,,,941461.1258,32480408.84,0.37273605,12.85939373,,,8.318426667,286.98572,,,,,0.332982,-0.1810224,0.5140044,0.317505902,-0.172608971,0.490114873,2.839451913,516180.1293,0.022317205,8.84E-06,4.560790069,,
220,Montipora capitata,13,14,Non-bleach,8/27/20,1324,3843,0.655,11,3,1,11/7/20,43,49.94456546,,,1240143.906,53326187.96,0.159174499,6.844503457,,,3.666073333,157.6411533,,,,,0.330615,-0.2114514,0.5420664,0.397178348,-0.254023313,0.651201661,2.563550773,1067707.517,0.023031788,2.96E-06,3.156322452,,
221,Montipora capitata,13,15,Bleach,8/27/20,1376,3949,0.651,18,2,2,11/7/20,58.5,68.51125074,,,1436436.569,84031539.29,0.153255782,8.965463247,,,8.65462,506.29527,,,,,0.159804,-0.284111,0.443915,1.399513204,-0.736617701,2.136130904,2.899917966,1226536.348,0.056471736,6.03E-06,7.389958066,,
222,Montipora capitata,13,15,Non-bleach,8/27/20,1426,3498,0.592,9,3,2,11/14/20,45.5,41.49149624,,,18772.88316,854166.1838,0.154602564,7.034416662,,,3.52812,160.52946,,,,,0.206496,-0.0630004,0.2694964,0.298609622,-0.091103584,0.389713205,4.277693475,20586.53607,0.022820579,0.000187937,3.86897255,,
229,Porites compressa,13,16,Bleach,8/27/20,1560,3820,0.591,10,3,1,11/14/20,38,32.089216,,,390656.3393,14844940.89,0.189106293,7.186039134,,,13.66200667,519.1562535,,,,,0.29393,-0.1664572,0.4603872,0.549586503,-0.311239514,0.860826017,2.765799257,462614.6332,0.072245119,3.50E-05,16.17852719,,
230,Porites compressa,13,16,Non-bleach,8/27/20,1071,3384,0.683,10,3,1,11/14/20,37,44.08115736,,,16846.95892,623337.48,0.155845295,5.766275915,,,11.87014667,439.1954268,,,,,0.33082,-0.1932322,0.5240522,0.450287633,-0.26301333,0.713300963,2.712033502,14140.67863,0.076166218,0.000704587,9.963337015,,
237,Porites compressa,13,17,Bleach,8/27/20,1439,4013,0.641,14,3,1,11/14/20,41,60.97216024,,,21650.98399,887690.3436,0.232554528,9.534735648,,,25.1336,1030.4776,,,,,0.30888,-0.1176552,0.4265352,0.303955115,-0.115779267,0.419734382,3.625298329,14558.94526,0.108076158,0.001160853,16.90078875,,
238,Porites compressa,13,17,Non-bleach,8/27/20,1616,4013,0.597,20,3,1,11/7/20,40,60.76860864,,,1618810.465,64752418.6,0.222406909,8.89627636,,,20.60304667,824.1218668,,,,,0.28158,-0.1594632,0.4410432,0.278018542,-0.15744629,0.435464833,2.765799257,1065557.038,0.092636721,1.27E-05,13.56163791,,
239,Porites compressa,13,18,Bleach,8/27/20,1417,3849,0.631,14,3,1,11/14/20,36,51.7178565,,,82919.58733,2985105.144,0.309840119,11.15424428,,,30.97930667,1115.25504,,,,,0.469638,-0.1795014,0.6491394,0.544846247,-0.208246914,0.75309316,3.616347282,57719.04224,0.099984814,0.000373607,21.56421622,,
240,Porites compressa,13,18,Non-bleach,8/27/20,1596,4013,0.602,25,2,2,11/14/20,48.5,74.60363704,,,764678.7636,37086920.03,0.289254198,14.0288286,,,17.91263333,868.7627165,,,,,0.967374,-0.473429,1.440803,0.778010863,-0.380755431,1.158766294,3.043334903,497119.4636,0.061926961,2.34E-05,11.64504508,,
243,Porites compressa,13,19,Bleach,8/27/20,1487,4013,0.629,12,3,1,11/14/20,31,38.12120946,,,99945.3,3098304.3,0.245273691,7.603484421,,,21.60376667,669.7167668,,,,,0.475068,-0.25016,0.725228,0.747722342,-0.393733573,1.141455914,2.899056604,81275.07873,0.088080244,0.000216156,17.56808811,,
244,Porites compressa,13,19,Non-bleach,8/27/20,1606,3671,0.562,9,3,1,11/14/20,38.5,27.93580226,,,20132.12073,775086.6481,0.224196878,8.631579803,,,11.55827333,444.9935232,,,,,0.242346,-0.1557563,0.3981023,0.520506262,-0.334530504,0.855036765,2.555930643,27745.27973,0.051554123,0.000574121,15.9291478,,
247,Porites compressa,13,20,Bleach,8/27/20,1619,4013,0.596,9,3,1,11/7/20,40.5,34.16131746,,,1337780.628,54180115.43,0.211853174,8.580053547,,,14.69564667,595.1736901,,,,,0.290624,-0.1945221,0.4851461,0.510444014,-0.341653275,0.852097289,2.494041037,1586007.785,0.06936713,1.10E-05,17.42244545,,
248,Porites compressa,13,20,Non-bleach,8/27/20,1350,3472,0.611,18,3,1,11/14/20,36,56.76175826,,,30008.22876,1080296.235,0.27951838,10.06266168,,,22.18276667,798.5796001,,,,,0.44781,-0.25852,0.70633,0.47335743,-0.273268491,0.74662592,2.732206406,19032.11366,0.079360673,0.000739223,14.06897222,,
3,Montipora capitata,13,1,Bleach,10/8/20,,,0.58,8,2,3,,,,,,,0,,0,,,,0,,,,,0.38928,-0.122568,0.511848,,,,4.176032896,,,,,,
4,Montipora capitata,13,1,Non-bleach,10/8/20,,,0.653,5,3,2,,,,,,,0,,0,,,,0,,,,,0.251505,-0.1181223,0.3696273,,,,3.129191524,,,,,,
11,Montipora capitata,13,2,Bleach,10/8/20,,,0.557,8,2,3,,,,,,,0,,0,,,,0,,,,,0.31152,-0.175176,0.486696,,,,2.778325798,,,,,,
12,Montipora capitata,13,2,Non-bleach,10/8/20,,,0.648,8,3,1,,,,,,,0,,0,,,,0,,,,,0.42096,-0.190368,0.611328,,,,3.211296016,,,,,,
19,Montipora capitata,13,3,Bleach,10/8/20,,,0.699,9,2,3,,,,,,,0,,0,,,,0,,,,,0.2158887,-0.1529122,0.3688009,,,,2.411847452,,,,,,
20,Montipora capitata,13,3,Non-bleach,10/8/20,,,0.659,9,3,1,,,,,,,0,,0,,,,0,,,,,0.02202385,0.00597022,0.01605363,,,,2.688951161,,,,,,
26,Porites compressa,13,4,Non-bleach,10/8/20,,,0.599,9,3,1,,,,,,,0,,0,,,,0,,,,,0.2231065,-0.00890753,0.23201403,,,,26.04695466,,,,,,
27,Porites compressa,13,4,Bleach,10/8/20,,,0.467,10,3,1,,,,,,,0,,0,,,,0,,,,,0.527884,-0.2618,0.789684,,,,3.016363636,,,,,,
35,Porites compressa,13,5,Bleach,10/8/20,,,,,,,,,,,,,0,,0,,,,0,,,,,,,,,,,,,,,,,
36,Porites compressa,13,5,Non-bleach,10/8/20,,,,,,,,,,,,,0,,0,,,,0,,,,,,,,,,,,,,,,,
41,Porites compressa,13,6,Bleach,10/8/20,,,0.573,3,3,1,,,,,,,0,,0,,,,0,,,,,0.146853,-0.0897435,0.2365965,,,,2.636363636,,,,,,
42,Porites compressa,13,6,Non-bleach,10/8/20,,,0.631,11,3,1,,,,,,,0,,0,,,,0,,,,,0.489405,-0.2367393,0.7261443,,,,3.067274001,,,,,,
43,Porites compressa,13,7,Bleach,10/8/20,,,0.628,9,3,1,,,,,,,0,,0,,,,0,,,,,0.306637,-0.1228938,0.4295308,,,,3.495138079,,,,,,
44,Porites compressa,13,7,Non-bleach,10/8/20,,,0.591,10,3,1,,,,,,,0,,0,,,,0,,,,,0.1266636,-0.010234,0.1368976,,,,13.37674419,,,,,,
45,Porites compressa,13,8,Bleach,10/8/20,,,0.619,4,3,1,,,,,,,0,,0,,,,0,,,,,0.40382,-0.1812188,0.5850388,,,,3.228355998,,,,,,
46,Porites compressa,13,8,Non-bleach,10/8/20,,,0.555,4,3,1,,,,,,,0,,0,,,,0,,,,,0.435296,-0.1585756,0.5938716,,,,3.745037698,,,,,,
201,Montipora capitata,13,9,Bleach,10/8/20,,,0.649,8,2,3,,,,,,,0,,0,,,,0,,,,,0.181296,-0.091608,0.272904,,,,2.979041132,,,,,,
202,Montipora capitata,13,9,Non-bleach,10/8/20,,,0.631,7,3,1,,,,,,,0,,0,,,,0,,,,,0.261244,-0.1056785,0.3669225,,,,3.472063854,,,,,,
203,Montipora capitata,13,10,Bleach,10/8/20,,,0.628,6,1,3,,,,,,,0,,0,,,,0,,,,,0.1543234,-0.0842644,0.2385878,,,,2.831418725,,,,,,
204,Montipora capitata,13,10,Non-bleach,10/8/20,,,0.637,9,3,1,,,,,,,0,,0,,,,0,,,,,0.48517,-0.314285,0.799455,,,,2.543726236,,,,,,
209,Montipora capitata,13,11,Bleach,10/8/20,,,0.625,6,1,3,,,,,,,0,,0,,,,0,,,,,0.305646,-0.1329548,0.4386008,,,,3.298871496,,,,,,
210,Montipora capitata,13,11,Non-bleach,10/8/20,,,0.654,7,3,2,,,,,,,0,,0,,,,0,,,,,0.248712,-0.1044012,0.3531132,,,,3.382271468,,,,,,
211,Montipora capitata,13,12,Bleach,10/8/20,,,0.661,6,2,3,,,,,,,0,,0,,,,0,,,,,0.458106,-0.2097172,0.6678232,,,,3.1843988,,,,,,
212,Montipora capitata,13,12,Non-bleach,10/8/20,,,0.644,7,3,1,,,,,,,0,,0,,,,0,,,,,0.317397,-0.1544087,0.4718057,,,,3.055564227,,,,,,
217,Montipora capitata,13,13,Bleach,10/8/20,,,0.593,,3,2,,,,,,,0,,0,,,,0,,,,,0.30132,-0.1835448,0.4848648,,,,2.641670045,,,,,,
218,Montipora capitata,13,13,Non-bleach,10/8/20,,,0.578,13,3,2,,,,,,,0,,0,,,,0,,,,,0.02054135,-0.001084055,0.021625405,,,,19.94862346,,,,,,
219,Montipora capitata,13,14,Bleach,10/8/20,,,0.689,9,1,3,,,,,,,0,,0,,,,0,,,,,0.0458402,-0.090342,0.1361822,,,,1.507407407,,,,,,
220,Montipora capitata,13,14,Non-bleach,10/8/20,,,0.61,13,3,1,,,,,,,0,,0,,,,0,,,,,0.32759,-0.172913,0.500503,,,,2.894536559,,,,,,
221,Montipora capitata,13,15,Bleach,10/8/20,,,0.704,10,1,3,,,,,,,0,,0,,,,0,,,,,0.246568,-0.01482026,0.26138826,,,,17.63722499,,,,,,
222,Montipora capitata,13,15,Non-bleach,10/8/20,,,0.637,12,2,3,,,,,,,0,,0,,,,0,,,,,0.31388,-0.1586392,0.4725192,,,,2.978577804,,,,,,
229,Porites compressa,13,16,Bleach,10/8/20,,,0.612,7,3,1,,,,,,,0,,0,,,,0,,,,,0.437415,-0.2240336,0.6614486,,,,2.952452668,,,,,,
230,Porites compressa,13,16,Non-bleach,10/8/20,,,0.575,10,3,1,,,,,,,0,,0,,,,0,,,,,0.34153,-0.1394442,0.4809742,,,,3.449223417,,,,,,
237,Porites compressa,13,17,Bleach,10/8/20,,,0.591,8,3,1,,,,,,,0,,0,,,,0,,,,,0.155904,-0.077304,0.233208,,,,3.01676498,,,,,,
238,Porites compressa,13,17,Non-bleach,10/8/20,,,0.565,4,3,1,,,,,,,0,,0,,,,0,,,,,0.343796,-0.1388848,0.4826808,,,,3.475404076,,,,,,
239,Porites compressa,13,18,Bleach,10/8/20,,,0.564,15,3,1,,,,,,,0,,0,,,,0,,,,,0.1394738,-0.0854644,0.2249382,,,,2.631952017,,,,,,
240,Porites compressa,13,18,Non-bleach,10/8/20,,,0.611,11,2,2,,,,,,,0,,0,,,,0,,,,,0.552447,-0.2312409,0.7836879,,,,3.389054013,,,,,,
243,Porites compressa,13,19,Bleach,10/8/20,,,0.579,9,3,1,,,,,,,0,,0,,,,0,,,,,0.264812,-0.1397194,0.4045314,,,,2.895313035,,,,,,
244,Porites compressa,13,19,Non-bleach,10/8/20,,,0.549,9,3,1,,,,,,,0,,0,,,,0,,,,,0.248799,-0.1040606,0.3528596,,,,3.390904915,,,,,,
247,Porites compressa,13,20,Bleach,10/8/20,,,0.612,6,3,1,,,,,,,0,,0,,,,0,,,,,0.1906234,-0.08349,0.2741134,,,,3.283188406,,,,,,
248,Porites compressa,13,20,Non-bleach,10/8/20,,,0.506,7,3,1,,,,,,,0,,0,,,,0,,,,,0.289441,-0.1110046,0.4004456,,,,3.607468519,,,,,,
3,Montipora capitata,13,1,Bleach,11/5/20,,,0.736,11,2,3,,,,,,,0,,0,,,,0,,,,,0.01405884,0.00335829,0.01070055,,,,3.186309104,,,,,,
4,Montipora capitata,13,1,Non-bleach,11/5/20,,,0.672,8,3,2,,,,,,,0,,0,,,,0,,,,,0.40296,-0.178992,0.581952,,,,3.2512738,,,,,,
11,Montipora capitata,13,2,Bleach,11/5/20,,,0.656,8,2,2,,,,,,,0,,0,,,,0,,,,,0.26208,-0.162408,0.424488,,,,2.61371361,,,,,,
12,Montipora capitata,13,2,Non-bleach,11/5/20,,,0.63,5,3,1,,,,,,,0,,0,,,,0,,,,,0.329751,-0.1863567,0.5161077,,,,2.769461468,,,,,,
19,Montipora capitata,13,3,Bleach,11/5/20,,,0.662,7,2,3,,,,,,,0,,0,,,,0,,,,,0.01342852,-0.0835065,0.09693502,,,,1.160808081,,,,,,
20,Montipora capitata,13,3,Non-bleach,11/5/20,,,0.67,17,3,1,,,,,,,0,,0,,,,0,,,,,0.533841,-0.1419495,0.6757905,,,,4.760781123,,,,,,
26,Porites compressa,13,4,Non-bleach,11/5/20,,,0.604,8,3,2,,,,,,,0,,0,,,,0,,,,,0.3588,-0.138744,0.497544,,,,3.586057775,,,,,,
27,Porites compressa,13,4,Bleach,11/5/20,,,0.638,9,3,1,,,,,,,0,,0,,,,0,,,,,0.00442867,0.00252623,0.00190244,,,,0.75307474,,,,,,
35,Porites compressa,13,5,Bleach,11/5/20,,,,,,,,,,,,,0,,0,,,,0,,,,,0,0,0,,,,#DIV/0!,,,,,,
36,Porites compressa,13,5,Non-bleach,11/5/20,,,,,,,,,,,,,0,,0,,,,0,,,,,0,0,0,,,,#DIV/0!,,,,,,
41,Porites compressa,13,6,Bleach,11/5/20,,,0.636,4,3,2,,,,,,,0,,0,,,,0,,,,,0.2002752,-0.124928,0.3252032,,,,2.603125,,,,,,
42,Porites compressa,13,6,Non-bleach,11/5/20,,,0.553,13,3,1,,,,,,,0,,0,,,,0,,,,,0.429815,-0.211829,0.641644,,,,3.029065897,,,,,,
43,Porites compressa,13,7,Bleach,11/5/20,,,0.657,,3,1,,,,,,,0,,0,,,,0,,,,,0.1815608,-0.134664,0.3162248,,,,2.34825046,,,,,,
44,Porites compressa,13,7,Non-bleach,11/5/20,,,0.519,8,3,1,,,,,,,0,,0,,,,0,,,,,0.0183936,-0.00203616,0.02042976,,,,10.03347478,,,,,,
45,Porites compressa,13,8,Bleach,11/5/20,,,0.601,8,3,1,,,,,,,0,,0,,,,0,,,,,0.4884,-0.20052,0.68892,,,,3.435667265,,,,,,
46,Porites compressa,13,8,Non-bleach,11/5/20,,,0.59,8,3,1,,,,,,,0,,0,,,,0,,,,,0.34464,-0.179616,0.524256,,,,2.918760021,,,,,,
201,Montipora capitata,13,9,Bleach,11/5/20,,,0.623,8,2,3,,,,,,,0,,0,,,,0,,,,,0.28008,-0.089232,0.369312,,,,4.138784293,,,,,,
202,Montipora capitata,13,9,Non-bleach,11/5/20,,,0.71,8,3,1,,,,,,,0,,0,,,,0,,,,,0.32664,-0.133824,0.460464,,,,3.440817791,,,,,,
203,Montipora capitata,13,10,Bleach,11/5/20,,,0.665,7,2,3,,,,,,,0,,0,,,,0,,,,,0.253532,-0.182196,0.435728,,,,2.391534392,,,,,,
204,Montipora capitata,13,10,Non-bleach,11/5/20,,,0.648,11,3,1,,,,,,,0,,0,,,,0,,,,,0.311892,-0.1757355,0.4876275,,,,2.77478085,,,,,,
209,Montipora capitata,13,11,Bleach,11/5/20,,,0.736,14,2,3,,,,,,,0,,0,,,,0,,,,,0.331812,-0.1651572,0.4969692,,,,3.009067725,,,,,,
210,Montipora capitata,13,11,Non-bleach,11/5/20,,,0.671,14,3,1,,,,,,,0,,0,,,,0,,,,,0.35568,-0.2078154,0.5634954,,,,2.711518973,,,,,,
211,Montipora capitata,13,12,Bleach,11/5/20,,,0.659,7,3,2,,,,,,,0,,0,,,,0,,,,,0.351378,-0.1845096,0.5358876,,,,2.904388715,,,,,,
212,Montipora capitata,13,12,Non-bleach,11/5/20,,,0.704,12,3,1,,,,,,,0,,0,,,,0,,,,,0.502916,-0.243788,0.746704,,,,3.062923524,,,,,,
217,Montipora capitata,13,13,Bleach,11/5/20,,,0.699,8,3,1,,,,,,,0,,0,,,,0,,,,,0.2964,-0.160896,0.457296,,,,2.842183771,,,,,,
218,Montipora capitata,13,13,Non-bleach,11/5/20,,,0.711,11,3,2,,,,,,,0,,0,,,,0,,,,,0.506232,-0.2208129,0.7270449,,,,3.29258345,,,,,,
219,Montipora capitata,13,14,Bleach,11/5/20,,,0.577,7,2,3,,,,,,,0,,0,,,,0,,,,,0.495978,-0.308239,0.804217,,,,2.609069586,,,,,,
220,Montipora capitata,13,14,Non-bleach,11/5/20,,,0.591,11,3,1,,,,,,,0,,0,,,,0,,,,,0.0033417,-0.001518933,0.004860633,,,,3.200031206,,,,,,
221,Montipora capitata,13,15,Bleach,11/5/20,,,0.655,9,3,2,,,,,,,0,,0,,,,0,,,,,0.313568,-0.1378313,0.4513993,,,,3.275013005,,,,,,
222,Montipora capitata,13,15,Non-bleach,11/5/20,,,0.654,12,3,2,,,,,,,0,,0,,,,0,,,,,0.48262,-0.242608,0.725228,,,,2.989299611,,,,,,
229,Porites compressa,13,16,Bleach,11/5/20,,,0.568,8,3,1,,,,,,,0,,0,,,,0,,,,,0.130296,-0.090144,0.22044,,,,2.44542066,,,,,,
230,Porites compressa,13,16,Non-bleach,11/5/20,,,0.666,14,3,1,,,,,,,0,,0,,,,0,,,,,0.348192,-0.1488006,0.4969926,,,,3.339990565,,,,,,
237,Porites compressa,13,17,Bleach,11/5/20,,,0.597,11,3,1,,,,,,,0,,0,,,,0,,,,,0.2263824,-0.1147554,0.3411378,,,,2.972738538,,,,,,
238,Porites compressa,13,17,Non-bleach,11/5/20,,,0.613,6,3,2,,,,,,,0,,0,,,,0,,,,,0.372922,-0.1614624,0.5343844,,,,3.309652278,,,,,,
239,Porites compressa,13,18,Bleach,11/5/20,,,0.565,4,3,1,,,,,,,0,,0,,,,0,,,,,0.471164,-0.30256,0.773724,,,,2.557258065,,,,,,
240,Porites compressa,13,18,Non-bleach,11/5/20,,,0.592,6,3,2,,,,,,,0,,0,,,,0,,,,,0.639848,-0.291126,0.930974,,,,3.197838736,,,,,,
243,Porites compressa,13,19,Bleach,11/5/20,,,0.633,7,3,1,,,,,,,0,,0,,,,0,,,,,0.246543,-0.1270311,0.3735741,,,,2.940808196,,,,,,
244,Porites compressa,13,19,Non-bleach,11/5/20,,,0.607,6,3,1,,,,,,,0,,0,,,,0,,,,,0.2163238,-0.1093598,0.3256836,,,,2.978092498,,,,,,
247,Porites compressa,13,20,Bleach,11/5/20,,,0.58,8,3,1,,,,,,,0,,0,,,,0,,,,,0.42048,-0.201432,0.621912,,,,3.087453831,,,,,,
248,Porites compressa,13,20,Non-bleach,11/5/20,,,0.535,6,3,1,,,,,,,0,,0,,,,0,,,,,0.1343584,-0.0971388,0.2314972,,,,2.383158944,,,,,,
3,Montipora capitata,13,1,Bleach,12/10/20,1411,4024,0.649,,2,2,,,,,,,,,,,,,,,,,,,,,,,,,,,,,,
4,Montipora capitata,13,1,Non-bleach,12/10/20,1260,4024,0.687,,3,1,,,,,,,,,,,,,,,,,,,,,,,,,,,,,,
11,Montipora capitata,13,2,Bleach,12/10/20,1173,3662,0.68,4,2,2,,,,,,,,,,,,,,,,,,,,,,,,,,,,,,
12,Montipora capitata,13,2,Non-bleach,12/10/20,1135,3176,0.643,3,3,1,,,,,,,,,,,,,,,,,,,,,,,,,,,,,,
19,Montipora capitata,13,3,Bleach,12/10/20,1435,4024,0.643,8,2,2,,,,,,,,,,,,,,,,,,,,,,,,,,,,,,
20,Montipora capitata,13,3,Non-bleach,12/10/20,1388,4024,0.655,5,3,1,,,,,,,,,,,,,,,,,,,,,,,,,,,,,,
26,Porites compressa,13,4,Non-bleach,12/10/20,1393,3813,0.635,6,3,1,,,,,,,,,,,,,,,,,,,,,,,,,,,,,,
27,Porites compressa,13,4,Bleach,12/10/20,1059,2799,0.622,5,3,1,,,,,,,,,,,,,,,,,,,,,,,,,,,,,,
35,Porites compressa,13,5,Bleach,12/10/20,,,,,,,,,,,,,,,,,,,,,,,,,,,,,,,,,,,,
36,Porites compressa,13,5,Non-bleach,12/10/20,,,,,,,,,,,,,,,,,,,,,,,,,,,,,,,,,,,,
41,Porites compressa,13,6,Bleach,12/10/20,1981,3856,0.486,11,3,1,,,,,,,,,,,,,,,,,,,,,,,,,,,,,,
42,Porites compressa,13,6,Non-bleach,12/10/20,1355,4024,0.663,13,3,1,,,,,,,,,,,,,,,,,,,,,,,,,,,,,,
43,Porites compressa,13,7,Bleach,12/10/20,1447,3803,0.62,5,3,1,,,,,,,,,,,,,,,,,,,,,,,,,,,,,,
44,Porites compressa,13,7,Non-bleach,12/10/20,1528,3971,0.615,6,3,1,,,,,,,,,,,,,,,,,,,,,,,,,,,,,,
45,Porites compressa,13,8,Bleach,12/10/20,1523,3970,0.616,7,3,1,,,,,,,,,,,,,,,,,,,,,,,,,,,,,,
46,Porites compressa,13,8,Non-bleach,12/10/20,1587,3595,0.559,6,3,1,,,,,,,,,,,,,,,,,,,,,,,,,,,,,,
201,Montipora capitata,13,9,Bleach,12/10/20,1226,4024,0.695,9,2,2,,,,,,,,,,,,,,,,,,,,,,,,,,,,,,
202,Montipora capitata,13,9,Non-bleach,12/10/20,1290,3450,0.626,6,3,1,,,,,,,,,,,,,,,,,,,,,,,,,,,,,,
203,Montipora capitata,13,10,Bleach,12/10/20,1346,4024,0.666,17,3,1,,,,,,,,,,,,,,,,,,,,,,,,,,,,,,
204,Montipora capitata,13,10,Non-bleach,12/10/20,1179,3083,0.618,9,3,1,,,,,,,,,,,,,,,,,,,,,,,,,,,,,,
209,Montipora capitata,13,11,Bleach,12/10/20,1264,3789,0.666,6,2,3,,,,,,,,,,,,,,,,,,,,,,,,,,,,,,
210,Montipora capitata,13,11,Non-bleach,12/10/20,1380,4024,0.657,10,3,1,,,,,,,,,,,,,,,,,,,,,,,,,,,,,,
211,Montipora capitata,13,12,Bleach,12/10/20,1413,4024,0.649,5,3,1,,,,,,,,,,,,,,,,,,,,,,,,,,,,,,
212,Montipora capitata,13,12,Non-bleach,12/10/20,1467,4024,0.635,9,3,1,,,,,,,,,,,,,,,,,,,,,,,,,,,,,,
217,Montipora capitata,13,13,Bleach,12/10/20,1274,4024,0.683,8,3,1,,,,,,,,,,,,,,,,,,,,,,,,,,,,,,
218,Montipora capitata,13,13,Non-bleach,12/10/20,1390,4024,0.655,6,3,1,,,,,,,,,,,,,,,,,,,,,,,,,,,,,,
219,Montipora capitata,13,14,Bleach,12/10/20,1120,3261,0.657,10,2,2,,,,,,,,,,,,,,,,,,,,,,,,,,,,,,
220,Montipora capitata,13,14,Non-bleach,12/10/20,1378,4022,0.657,8,3,1,,,,,,,,,,,,,,,,,,,,,,,,,,,,,,
221,Montipora capitata,13,15,Bleach,12/10/20,1198,3462,0.654,9,2,2,,,,,,,,,,,,,,,,,,,,,,,,,,,,,,
222,Montipora capitata,13,15,Non-bleach,12/10/20,1255,3750,0.665,7,3,1,,,,,,,,,,,,,,,,,,,,,,,,,,,,,,
229,Porites compressa,13,16,Bleach,12/10/20,1097,2491,0.56,8,3,1,,,,,,,,,,,,,,,,,,,,,,,,,,,,,,
230,Porites compressa,13,16,Non-bleach,12/10/20,1607,3678,0.563,8,3,1,,,,,,,,,,,,,,,,,,,,,,,,,,,,,,
237,Porites compressa,13,17,Bleach,12/10/20,1482,4024,0.632,5,3,1,,,,,,,,,,,,,,,,,,,,,,,,,,,,,,
238,Porites compressa,13,17,Non-bleach,12/10/20,1255,3339,0.624,20,3,1,,,,,,,,,,,,,,,,,,,,,,,,,,,,,,
239,Porites compressa,13,18,Bleach,12/10/20,1531,4019,0.619,8,3,1,,,,,,,,,,,,,,,,,,,,,,,,,,,,,,
240,Porites compressa,13,18,Non-bleach,12/10/20,1741,4024,0.567,6,3,1,,,,,,,,,,,,,,,,,,,,,,,,,,,,,,
243,Porites compressa,13,19,Bleach,12/10/20,1405,3947,0.646,6,3,1,,,,,,,,,,,,,,,,,,,,,,,,,,,,,,
244,Porites compressa,13,19,Non-bleach,12/10/20,1239,3370,0.632,4,3,1,,,,,,,,,,,,,,,,,,,,,,,,,,,,,,
247,Porites compressa,13,20,Bleach,12/10/20,1163,3256,0.643,5,3,1,,,,,,,,,,,,,,,,,,,,,,,,,,,,,,
248,Porites compressa,13,20,Non-bleach,12/10/20,1489,4013,0.629,7,3,1,,,,,,,,,,,,,,,,,,,,,,,,,,,,,,